"Symbol","Name","LastSale","MarketCap","ADR TSO","IPOyear","Sector","Industry","Summary Quote",
"MMM","3M Company","216.52","129212022668.44","n/a","n/a","Health Care","Medical/Dental Instruments","http://www.nasdaq.com/symbol/mmm",
"ABB","ABB Ltd","25.06","53477931389.96","n/a","n/a","Consumer Durables","Electrical Products","http://www.nasdaq.com/symbol/abb",
"ABT","Abbott Laboratories","55","95559379520","n/a","n/a","Health Care","Major Pharmaceuticals","http://www.nasdaq.com/symbol/abt",
"ABBV","AbbVie Inc.","90.49","144249629222.02","n/a","2012","Health Care","Major Pharmaceuticals","http://www.nasdaq.com/symbol/abbv",
"ACN","Accenture plc","136.25","87608750000","n/a","2001","Miscellaneous","Business Services","http://www.nasdaq.com/symbol/acn",
"ATVI","Activision Blizzard, Inc","63.25","47748764255.5","n/a","n/a","Technology","Computer Software: Prepackaged Software","http://www.nasdaq.com/symbol/atvi",
"ADBE","Adobe Systems Incorporated","151.12","74493548275.68","n/a","1986","Technology","Computer Software: Prepackaged Software","http://www.nasdaq.com/symbol/adbe",
"AMD","Advanced Micro Devices, Inc.","13.23","12525886685.97","n/a","n/a","Technology","Semiconductors","http://www.nasdaq.com/symbol/amd",
"ASX","Advanced Semiconductor Engineering, Inc.","6.25","10341932556.25","n/a","n/a","Technology","Semiconductors","http://www.nasdaq.com/symbol/asx",
"AEG","Aegon NV","5.52","11298712458.48","n/a","n/a","Finance","Life Insurance","http://www.nasdaq.com/symbol/aeg",
"AET","Aetna Inc.","161.28","53561088000","n/a","n/a","Health Care","Medical Specialities","http://www.nasdaq.com/symbol/aet",
"AMG","Affiliated Managers Group, Inc.","194.62","10891003317","n/a","n/a","Finance","Investment Managers","http://www.nasdaq.com/symbol/amg",
"AFL","Aflac Incorporated","82.27","32515497974.73","n/a","n/a","Finance","Accident &Health Insurance","http://www.nasdaq.com/symbol/afl",
"A","Agilent Technologies, Inc.","66.36","21356506279.08","n/a","1999","Capital Goods","Biotechnology: Laboratory Analytical Instruments","http://www.nasdaq.com/symbol/a",
"AEM","Agnico Eagle Mines Limited","45.82","10630650959.58","n/a","n/a","Basic Industries","Precious Metals","http://www.nasdaq.com/symbol/aem",
"AGU","Agrium Inc.","105.73","14609471338.26","n/a","n/a","Basic Industries","Agricultural Chemicals","http://www.nasdaq.com/symbol/agu",
"APD","Air Products and Chemicals, Inc.","153.3","33412864667.7","n/a","n/a","Basic Industries","Major Chemicals","http://www.nasdaq.com/symbol/apd",
"ALB","Albemarle Corporation","137.19","15155754514.65","n/a","n/a","Basic Industries","Major Chemicals","http://www.nasdaq.com/symbol/alb",
"ARE","Alexandria Real Estate Equities, Inc.","120.45","11277269767.5","n/a","n/a","Consumer Services","Real Estate Investment Trusts","http://www.nasdaq.com/symbol/are",
"ALXN","Alexion Pharmaceuticals, Inc.","141.3","31536075118.5","n/a","1996","Health Care","Major Pharmaceuticals","http://www.nasdaq.com/symbol/alxn",
"ALGN","Align Technology, Inc.","187.04","14991367101.76","n/a","2001","Health Care","Industrial Specialties","http://www.nasdaq.com/symbol/algn",
"AGN","Allergan plc.","206.75","69117804575.75","n/a","2013","Health Care","Major Pharmaceuticals","http://www.nasdaq.com/symbol/agn",
"ADS","Alliance Data Systems Corporation","226.22","12551463796.8","n/a","2001","Miscellaneous","Business Services","http://www.nasdaq.com/symbol/ads",
"ALL","Allstate Corporation (The)","93.29","33711233912.14","n/a","n/a","Finance","Property-Casualty Insurers","http://www.nasdaq.com/symbol/all",
"ALLY","Ally Financial Inc.","24.4","10976421447.2","n/a","2014","Finance","Finance: Consumer Services","http://www.nasdaq.com/symbol/ally",
"ALNY","Alnylam Pharmaceuticals, Inc.","122.65","11251097707.85","n/a","2004","Health Care","Major Pharmaceuticals","http://www.nasdaq.com/symbol/alny",
"AABA","Altaba Inc.","67.85","60174432043.15","n/a","n/a","Technology","EDP Services","http://www.nasdaq.com/symbol/aaba",
"ATUS","Altice USA, Inc.","27.93","20586336220.38","n/a","2017","Consumer Services","Television Services","http://www.nasdaq.com/symbol/atus",
"MO","Altria Group","62.55","120006406007.1","n/a","n/a","Consumer Non-Durables","Farming/Seeds/Milling","http://www.nasdaq.com/symbol/mo",
"ACH","Aluminum Corporation of China Limited","22.54","13437264479.66","n/a","2001","Basic Industries","Aluminum","http://www.nasdaq.com/symbol/ach",
"ABEV","Ambev S.A.","6.61","103824433360","n/a","2013","Consumer Non-Durables","Beverages (Production/Distribution)","http://www.nasdaq.com/symbol/abev",
"AEE","Ameren Corporation","58.78","14262073426.44","n/a","n/a","Public Utilities","Power Generation","http://www.nasdaq.com/symbol/aee",
"AMOV","America Movil, S.A.B. de C.V.","17.36","57073949464","n/a","n/a","Public Utilities","Telecommunications Equipment","http://www.nasdaq.com/symbol/amov",
"AMOV","America Movil, S.A.B. de C.V.","17.36","57073949464","n/a","n/a","Public Utilities","Telecommunications Equipment","http://www.nasdaq.com/symbol/amov",
"AMX","America Movil, S.A.B. de C.V.","17.5","57534223250","n/a","n/a","Public Utilities","Telecommunications Equipment","http://www.nasdaq.com/symbol/amx",
"AAL","American Airlines Group, Inc.","51.3","24983572729.5","n/a","n/a","Transportation","Air Freight/Delivery Services","http://www.nasdaq.com/symbol/aal",
"AEP","American Electric Power Company, Inc.","71.53","35181342524.46","n/a","n/a","Public Utilities","Electric Utilities: Central","http://www.nasdaq.com/symbol/aep",
"AXP","American Express Company","91.55","80928336408.2","n/a","n/a","Finance","Finance: Consumer Services","http://www.nasdaq.com/symbol/axp",
"AIG","American International Group, Inc.","62.26","56246037699.06","n/a","n/a","Finance","Property-Casualty Insurers","http://www.nasdaq.com/symbol/aig",
"AMT","American Tower Corporation (REIT)","139.11","59702873121.96","n/a","n/a","Consumer Services","Real Estate Investment Trusts","http://www.nasdaq.com/symbol/amt",
"AWK","American Water Works","82.77","14756428371.33","n/a","2008","Public Utilities","Water Supply","http://www.nasdaq.com/symbol/awk",
"AMP","AMERIPRISE FINANCIAL SERVICES, INC.","150.99","22639923315.03","n/a","n/a","Finance","Investment Managers","http://www.nasdaq.com/symbol/amp",
"ABC","AmerisourceBergen Corporation (Holding Co)","80.48","17634098751.2","n/a","n/a","Health Care","Other Pharmaceuticals","http://www.nasdaq.com/symbol/abc",
"AMGN","Amgen Inc.","185.82","135588166318.86","n/a","1983","Health Care","Biotechnology: Biological Products (No Diagnostic Substances)","http://www.nasdaq.com/symbol/amgn",
"APH","Amphenol Corporation","86.58","26445418576.2","n/a","n/a","Capital Goods","Electrical Products","http://www.nasdaq.com/symbol/aph",
"AME","AMTEK, Inc.","66.99","15460982841.15","n/a","n/a","Consumer Durables","Metal Fabrications","http://www.nasdaq.com/symbol/ame",
"APC","Anadarko Petroleum Corporation","48.64","27255820367.36","n/a","n/a","Energy","Oil & Gas Production","http://www.nasdaq.com/symbol/apc",
"ADI","Analog Devices, Inc.","87.87","32306964753.15","n/a","n/a","Technology","Semiconductors","http://www.nasdaq.com/symbol/adi",
"ANDV","Andeavor","105.99","16629997298.31","n/a","n/a","Energy","Integrated oil Companies","http://www.nasdaq.com/symbol/andv",
"NLY","Annaly Capital Management Inc","12.12","13187016548.28","n/a","n/a","Consumer Services","Real Estate Investment Trusts","http://www.nasdaq.com/symbol/nly",
"ANSS","ANSYS, Inc.","126.06","10684930438.38","n/a","1996","Technology","Computer Software: Prepackaged Software","http://www.nasdaq.com/symbol/anss",
"ANTM","Anthem, Inc.","193.22","50736613608.58","n/a","n/a","Health Care","Medical Specialities","http://www.nasdaq.com/symbol/antm",
"ANTX","Anthem, Inc.","52.2601","13848205833.221","n/a","2015","Health Care","Medical Specialities","http://www.nasdaq.com/symbol/antx",
"AON","Aon plc","146.84","37346891921.96","n/a","n/a","Finance","Specialty Insurers","http://www.nasdaq.com/symbol/aon",
"APA","Apache Corporation","45.17","17206794697.27","n/a","n/a","Energy","Oil & Gas Production","http://www.nasdaq.com/symbol/apa",
"APO","Apollo Global Management, LLC","30.46","12469410169.54","n/a","2011","Finance","Investment Managers","http://www.nasdaq.com/symbol/apo",
"AMAT","Applied Materials, Inc.","52.4","55883927446","n/a","1972","Technology","Semiconductors","http://www.nasdaq.com/symbol/amat",
"ARMK","Aramark","41.42","10152253573.36","n/a","2013","Consumer Services","Restaurants","http://www.nasdaq.com/symbol/armk",
"MT","ArcelorMittal","26.71","27233612770.33","n/a","n/a","Basic Industries","Steel/Iron Ore","http://www.nasdaq.com/symbol/mt",
"ACGL","Arch Capital Group Ltd.","99.94","13066241548.4","n/a","n/a","Finance","Property-Casualty Insurers","http://www.nasdaq.com/symbol/acgl",
"ADM","Archer-Daniels-Midland Company","43","24188589792","n/a","n/a","Consumer Non-Durables","Packaged Foods","http://www.nasdaq.com/symbol/adm",
"ARNC","Arconic Inc.","27.1","11951940072.9","n/a","n/a","Capital Goods","Metal Fabrications","http://www.nasdaq.com/symbol/arnc",
"ANET","Arista Networks, Inc.","192.93","13993205761.59","n/a","2014","Technology","Computer Communications Equipment","http://www.nasdaq.com/symbol/anet",
"AJG","Arthur J. Gallagher & Co.","61.76","11126928640","n/a","n/a","Finance","Specialty Insurers","http://www.nasdaq.com/symbol/ajg",
"ASML","ASML Holding N.V.","169.44","12009340253.76","70876654","1995","Technology","Industrial Machinery/Components","http://www.nasdaq.com/symbol/asml",
"AZN","Astrazeneca PLC","34.26","86740416453.84","n/a","n/a","Health Care","Major Pharmaceuticals","http://www.nasdaq.com/symbol/azn",
"ATH","Athene Holding Ltd.","54.52","10907721535.2","n/a","2016","Finance","Life Insurance","http://www.nasdaq.com/symbol/ath",
"ADSK","Autodesk, Inc.","116.96","25636725326.08","n/a","n/a","Technology","Computer Software: Prepackaged Software","http://www.nasdaq.com/symbol/adsk",
"ALV","Autoliv, Inc.","126.64","11006741090.08","n/a","n/a","Capital Goods","Auto Parts:O.E.M.","http://www.nasdaq.com/symbol/alv",
"ADP","Automatic Data Processing, Inc.","113.48","50435360773.44","n/a","n/a","Technology","EDP Services","http://www.nasdaq.com/symbol/adp",
"AZO","AutoZone, Inc.","601.49","16741271170","n/a","n/a","Consumer Services","Other Specialty Stores","http://www.nasdaq.com/symbol/azo",
"AVB","AvalonBay Communities, Inc.","178.9","24703077145.1","n/a","n/a","Consumer Services","Real Estate Investment Trusts","http://www.nasdaq.com/symbol/avb",
"AGR","Avangrid, Inc.","47.64","14721011158.08","n/a","2015","Public Utilities","Electric Utilities: Central","http://www.nasdaq.com/symbol/agr",
"BIDU","Baidu, Inc.","247.69","68243563661.4","275520060","2005","Technology","Computer Software: Programming, Data Processing","http://www.nasdaq.com/symbol/bidu",
"BHGE","Baker Hughes, a GE company","36.53","41832037186.94","n/a","2017","Energy","Metal Fabrications","http://www.nasdaq.com/symbol/bhge",
"BLL","Ball Corporation","42.02","14782002926.68","n/a","n/a","Consumer Durables","Containers/Packaging","http://www.nasdaq.com/symbol/bll",
"BBVA","Banco Bilbao Viscaya Argentaria S.A.","8.54","56943751393.2","n/a","n/a","Finance","Commercial Banks","http://www.nasdaq.com/symbol/bbva",
"BBD","Banco Bradesco Sa","11.43","69552391362.3","n/a","n/a","Finance","Major Banks","http://www.nasdaq.com/symbol/bbd",
"BBDO","Banco Bradesco Sa","11.09","67483466334.9","n/a","n/a","Finance","Major Banks","http://www.nasdaq.com/symbol/bbdo",
"BCH","Banco De Chile","93.29","15582423676.1","n/a","n/a","Finance","Commercial Banks","http://www.nasdaq.com/symbol/bch",
"BSBR","Banco Santander Brasil SA","9.08","68121519600","n/a","2009","Finance","Commercial Banks","http://www.nasdaq.com/symbol/bsbr",
"BSAC","Banco Santander Chile","30.42","14331327912.72","n/a","n/a","Finance","Commercial Banks","http://www.nasdaq.com/symbol/bsac",
"SAN","Banco Santander, S.A.","6.74","108113465026.04","n/a","n/a","Finance","Commercial Banks","http://www.nasdaq.com/symbol/san",
"CIB","BanColombia S.A.","45.26","10883072505","n/a","n/a","Finance","Commercial Banks","http://www.nasdaq.com/symbol/cib",
"BMO","Bank Of Montreal","76.9","49885746400.4","n/a","n/a","Finance","Commercial Banks","http://www.nasdaq.com/symbol/bmo",
"BK","Bank Of New York Mellon Corporation (The)","54.47","56276018268.47","n/a","n/a","Finance","Major Banks","http://www.nasdaq.com/symbol/bk",
"BNS","Bank of Nova Scotia (The)","64.21","76941908423.45","n/a","n/a","Finance","Major Banks","http://www.nasdaq.com/symbol/bns",
"BCS","Barclays PLC","9.98","42522322035.78","n/a","n/a","Finance","Commercial Banks","http://www.nasdaq.com/symbol/bcs",
"ABX","Barrick Gold Corporation","16.59","19343990018.85","n/a","n/a","Basic Industries","Precious Metals","http://www.nasdaq.com/symbol/abx",
"BAX","Baxter International Inc.","62.91","34277829199.74","n/a","n/a","Health Care","Medical/Dental Instruments","http://www.nasdaq.com/symbol/bax",
"BBT","BB&T Corporation","47.69","38537931468.07","n/a","n/a","Finance","Major Banks","http://www.nasdaq.com/symbol/bbt",
"BCE","BCE, Inc.","46.72","42066623059.2","n/a","n/a","Public Utilities","Telecommunications Equipment","http://www.nasdaq.com/symbol/bce",
"BDX","Becton, Dickinson and Company","198.08","45076069059.52","n/a","n/a","Health Care","Medical/Dental Instruments","http://www.nasdaq.com/symbol/bdx",
"BBY","Best Buy Co., Inc.","58.76","17580085450.72","n/a","n/a","Consumer Services","Consumer Electronics/Video Chains","http://www.nasdaq.com/symbol/bby",
"BHP","BHP Billiton Limited","41.34","110042179143","n/a","n/a","Basic Industries","Precious Metals","http://www.nasdaq.com/symbol/bhp",
"BBL","BHP Billiton plc","36.17","96280252046.5","n/a","n/a","Energy","Coal Mining","http://www.nasdaq.com/symbol/bbl",
"BIIB","Biogen Inc.","327.48","69239668180.08","n/a","n/a","Health Care","Biotechnology: Biological Products (No Diagnostic Substances)","http://www.nasdaq.com/symbol/biib",
"BMRN","BioMarin Pharmaceutical Inc.","94.81","16617189514.01","n/a","1999","Health Care","Major Pharmaceuticals","http://www.nasdaq.com/symbol/bmrn",
"BLK","BlackRock, Inc.","463.22","75063830090.88","n/a","1999","Finance","Investment Bankers/Brokers/Service","http://www.nasdaq.com/symbol/blk",
"BA","Boeing Company (The)","258.58","152842341951.88","n/a","n/a","Capital Goods","Aerospace","http://www.nasdaq.com/symbol/ba",
"BWA","BorgWarner Inc.","51.87","10947810526.38","n/a","n/a","Capital Goods","Auto Parts:O.E.M.","http://www.nasdaq.com/symbol/bwa",
"BXP","Boston Properties, Inc.","126.92","19586004514.72","n/a","1997","Consumer Services","Real Estate Investment Trusts","http://www.nasdaq.com/symbol/bxp",
"BSX","Boston Scientific Corporation","29.5","40477747798","n/a","n/a","Health Care","Medical/Dental Instruments","http://www.nasdaq.com/symbol/bsx",
"BP","BP p.l.c.","38.26","126302843092.12","n/a","n/a","Energy","Integrated oil Companies","http://www.nasdaq.com/symbol/bp",
"BAK","Braskem S.A.","29","11538138360","n/a","n/a","Basic Industries","Major Chemicals","http://www.nasdaq.com/symbol/bak",
"BRFS","BRF S.A.","14.58","11649496472.1","n/a","n/a","Consumer Non-Durables","Meat/Poultry/Fish","http://www.nasdaq.com/symbol/brfs",
"BMY","Bristol-Myers Squibb Company","64.81","106283632965.26","n/a","n/a","Health Care","Major Pharmaceuticals","http://www.nasdaq.com/symbol/bmy",
"BTI","British American Tobacco p.l.c.","62.33","142956789122.42","n/a","n/a","Consumer Non-Durables","Farming/Seeds/Milling","http://www.nasdaq.com/symbol/bti",
"AVGO","Broadcom Limited","245.74","100256846451.96","n/a","2009","Technology","Semiconductors","http://www.nasdaq.com/symbol/avgo",
"BAM","Brookfield Asset Management Inc","41.99","41515271179.59","n/a","n/a","Consumer Services","Building operators","http://www.nasdaq.com/symbol/bam",
"BIP","Brookfield Infrastructure Partners LP","43.09","12259136671.15","n/a","n/a","Consumer Services","Marine Transportation","http://www.nasdaq.com/symbol/bip",
"BT","BT Group plc","18.78","37250979062.58","n/a","n/a","Public Utilities","Telecommunications Equipment","http://www.nasdaq.com/symbol/bt",
"CHRW","C.H. Robinson Worldwide, Inc.","76.52","10737739015.8","n/a","1997","Transportation","Oil Refining/Marketing","http://www.nasdaq.com/symbol/chrw",
"BCR","C.R. Bard, Inc.","322","23400236202","n/a","n/a","Health Care","Medical/Dental Instruments","http://www.nasdaq.com/symbol/bcr",
"CA","CA Inc.","33.86","14264205586","n/a","n/a","Technology","Computer Software: Prepackaged Software","http://www.nasdaq.com/symbol/ca",
"COG","Cabot Oil & Gas Corporation","25.71","11890689476.64","n/a","1990","Energy","Oil & Gas Production","http://www.nasdaq.com/symbol/cog",
"CDNS","Cadence Design Systems, Inc.","40.68","11398576680","n/a","n/a","Technology","Computer Software: Prepackaged Software","http://www.nasdaq.com/symbol/cdns",
"CPB","Campbell Soup Company","46.48","13968564726.48","n/a","n/a","Consumer Non-Durables","Packaged Foods","http://www.nasdaq.com/symbol/cpb",
"CM","Canadian Imperial Bank of Commerce","88.54","38914566195.48","n/a","n/a","Finance","Commercial Banks","http://www.nasdaq.com/symbol/cm",
"CNI","Canadian National Railway Company","80.45","60243952015.95","n/a","n/a","Transportation","Railroads","http://www.nasdaq.com/symbol/cni",
"CNQ","Canadian Natural Resources Limited","32.77","39838533206.73","n/a","n/a","Energy","Oil & Gas Production","http://www.nasdaq.com/symbol/cnq",
"CP","Canadian Pacific Railway Limited","164.79","24151401087.03","n/a","n/a","Transportation","Railroads","http://www.nasdaq.com/symbol/cp",
"CAJ","Canon, Inc.","34.55","37305752569.5","n/a","n/a","Miscellaneous","Industrial Machinery/Components","http://www.nasdaq.com/symbol/caj",
"COF","Capital One Financial Corporation","87.04","42100607907.84","n/a","1994","Finance","Major Banks","http://www.nasdaq.com/symbol/cof",
"CAH","Cardinal Health, Inc.","65.88","20766421976.76","n/a","n/a","Health Care","Other Pharmaceuticals","http://www.nasdaq.com/symbol/cah",
"KMX","CarMax Inc","76.81","13972029649.04","n/a","n/a","Consumer Durables","Automotive Aftermarket","http://www.nasdaq.com/symbol/kmx",
"CCL","Carnival Corporation","65.63","49032523398.57","n/a","1987","Consumer Services","Marine Transportation","http://www.nasdaq.com/symbol/ccl",
"CUK","Carnival Corporation","65.46","48905515490.94","n/a","n/a","Consumer Services","Marine Transportation","http://www.nasdaq.com/symbol/cuk",
"CAT","Caterpillar, Inc.","126.93","75012176488.56","n/a","n/a","Capital Goods","Construction/Ag Equipment/Trucks","http://www.nasdaq.com/symbol/cat",
"CBOE","CBOE Holdings, Inc.","108.17","12199125516.82","n/a","2010","Finance","Investment Bankers/Brokers/Service","http://www.nasdaq.com/symbol/cboe",
"CBG","CBRE Group, Inc.","38.84","13125403905.96","n/a","2004","Finance","Real Estate","http://www.nasdaq.com/symbol/cbg",
"CBS","CBS Corporation","58.3","23416403830.6","n/a","n/a","Consumer Services","Broadcasting","http://www.nasdaq.com/symbol/cbs",
"CDW","CDW Corporation","69.64","10784349422","n/a","2013","Consumer Services","Catalog/Specialty Distribution","http://www.nasdaq.com/symbol/cdw",
"CE","Celanese Corporation","107.92","14842637767.36","n/a","2005","Basic Industries","Major Chemicals","http://www.nasdaq.com/symbol/ce",
"CELG","Celgene Corporation","139.21","108911037049.12","n/a","1987","Health Care","Major Pharmaceuticals","http://www.nasdaq.com/symbol/celg",
"CVE","Cenovus Energy Inc","9.61","11807782311.91","n/a","n/a","Energy","Oil & Gas Production","http://www.nasdaq.com/symbol/cve",
"CNC","Centene Corporation","98.01","16904338750.53","n/a","n/a","Health Care","Medical Specialities","http://www.nasdaq.com/symbol/cnc",
"CNP","CenterPoint Energy, Inc.","28.88","12447984700.88","n/a","n/a","Public Utilities","Electric Utilities: Central","http://www.nasdaq.com/symbol/cnp",
"CTL","CenturyLink, Inc.","20","10992185500","n/a","n/a","Public Utilities","Telecommunications Equipment","http://www.nasdaq.com/symbol/ctl",
"CERN","Cerner Corporation","71.52","23714788624.8","n/a","1986","Technology","EDP Services","http://www.nasdaq.com/symbol/cern",
"GIB","CGI Group, Inc.","52.39","13312654990.05","n/a","n/a","Consumer Services","Professional Services","http://www.nasdaq.com/symbol/gib",
"CHTR","Charter Communications, Inc.","367.4","94746483504.2","n/a","n/a","Consumer Services","Television Services","http://www.nasdaq.com/symbol/chtr",
"CHKP","Check Point Software Technologies Ltd.","116.75","19377605067","n/a","1996","Technology","Computer Software: Prepackaged Software","http://www.nasdaq.com/symbol/chkp",
"CC","Chemours Company (The)","54.67","10103068537.87","n/a","2015","Basic Industries","Major Chemicals","http://www.nasdaq.com/symbol/cc",
"CQP","Cheniere Energy Partners, LP","28.64","13861720505.44","n/a","2007","Public Utilities","Oil/Gas Transmission","http://www.nasdaq.com/symbol/cqp",
"LNG","Cheniere Energy, Inc.","46.43","11042336164.45","n/a","n/a","Public Utilities","Oil/Gas Transmission","http://www.nasdaq.com/symbol/lng",
"LFC","China Life Insurance Company Limited","15.31","86546526710","n/a","2003","Finance","Life Insurance","http://www.nasdaq.com/symbol/lfc",
"SNP","China Petroleum & Chemical Corporation","74.38","90052765700.48","n/a","n/a","Energy","Integrated oil Companies","http://www.nasdaq.com/symbol/snp",
"CHA","China Telecom Corp Ltd","50.81","41121549200","n/a","2002","Public Utilities","Telecommunications Equipment","http://www.nasdaq.com/symbol/cha",
"CHU","China Unicom (Hong Kong) Ltd","13.98","33478019349.84","n/a","n/a","Public Utilities","Telecommunications Equipment","http://www.nasdaq.com/symbol/chu",
"CHT","Chunghwa Telecom Co., Ltd.","33.58","26049507026","n/a","n/a","Public Utilities","Telecommunications Equipment","http://www.nasdaq.com/symbol/cht",
"CHD","Church & Dwight Company, Inc.","47.45","11839204375.05","n/a","n/a","Basic Industries","Package Goods/Cosmetics","http://www.nasdaq.com/symbol/chd",
"CI","Cigna Corporation","190.95","48077032204.95","n/a","n/a","Health Care","Medical Specialities","http://www.nasdaq.com/symbol/ci",
"XEC","Cimarex Energy Co","115.64","11017952198.68","n/a","n/a","Energy","Oil & Gas Production","http://www.nasdaq.com/symbol/xec",
"CINF","Cincinnati Financial Corporation","76.7","12577451767.4","n/a","n/a","Finance","Property-Casualty Insurers","http://www.nasdaq.com/symbol/cinf",
"CTAS","Cintas Corporation","149.08","15829250891.92","n/a","1983","Consumer Non-Durables","Apparel","http://www.nasdaq.com/symbol/ctas",
"CSCO","Cisco Systems, Inc.","33.75","167128509971.25","n/a","1990","Technology","Computer Communications Equipment","http://www.nasdaq.com/symbol/csco",
"CFG","Citizens Financial Group, Inc.","37.49","18770159501.51","n/a","2014","Finance","Major Banks","http://www.nasdaq.com/symbol/cfg",
"CTXS","Citrix Systems, Inc.","79.47","12040604997.75","n/a","1995","Technology","Computer Software: Prepackaged Software","http://www.nasdaq.com/symbol/ctxs",
"CLX","Clorox Company (The)","129.14","16646553824.12","n/a","n/a","Consumer Durables","Specialty Chemicals","http://www.nasdaq.com/symbol/clx",
"CME","CME Group Inc.","137.2","46635947940.4","n/a","2002","Finance","Investment Bankers/Brokers/Service","http://www.nasdaq.com/symbol/cme",
"CMS","CMS Energy Corporation","46.3","13036670442.8","n/a","n/a","Public Utilities","Power Generation","http://www.nasdaq.com/symbol/cms",
"CNA","CNA Financial Corporation","50.48","13680427655.76","n/a","n/a","Finance","Property-Casualty Insurers","http://www.nasdaq.com/symbol/cna",
"CNHI","CNH Industrial N.V.","11.91","16246698439.05","n/a","2013","Capital Goods","Construction/Ag Equipment/Trucks","http://www.nasdaq.com/symbol/cnhi",
"COH","Coach, Inc.","39.83","11317026431.41","n/a","n/a","Consumer Non-Durables","Apparel","http://www.nasdaq.com/symbol/coh",
"KOF","Coca Cola Femsa S.A.B. de C.V.","73.99","15543819200","n/a","1993","Consumer Non-Durables","Beverages (Production/Distribution)","http://www.nasdaq.com/symbol/kof",
"KO","Coca-Cola Company (The)","45.49","194028687193.69","n/a","n/a","Consumer Non-Durables","Beverages (Production/Distribution)","http://www.nasdaq.com/symbol/ko",
"CCE","Coca-Cola European Partners plc","40.82","19767910829.42","n/a","2016","Consumer Non-Durables","Beverages (Production/Distribution)","http://www.nasdaq.com/symbol/cce",
"CGNX","Cognex Corporation","116.21","10060568842.36","n/a","1989","Capital Goods","Industrial Machinery/Components","http://www.nasdaq.com/symbol/cgnx",
"CTSH","Cognizant Technology Solutions Corporation","73.8","43587954595.8","n/a","1998","Technology","EDP Services","http://www.nasdaq.com/symbol/ctsh",
"CL","Colgate-Palmolive Company","72.72","64054828567.44","n/a","n/a","Consumer Non-Durables","Package Goods/Cosmetics","http://www.nasdaq.com/symbol/cl",
"CMCSA","Comcast Corporation","38.01","179155284353.85","n/a","n/a","Consumer Services","Television Services","http://www.nasdaq.com/symbol/cmcsa",
"CMA","Comerica Incorporated","76.92","13531066428","n/a","n/a","Finance","Major Banks","http://www.nasdaq.com/symbol/cma",
"CAG","ConAgra Brands, Inc.","34.08","13921616338.56","n/a","n/a","Consumer Non-Durables","Packaged Foods","http://www.nasdaq.com/symbol/cag",
"CXO","Concho Resources Inc.","134.91","20062758989.61","n/a","2007","Energy","Oil & Gas Production","http://www.nasdaq.com/symbol/cxo",
"COP","ConocoPhillips","48.86","59460139426.66","n/a","n/a","Energy","Integrated oil Companies","http://www.nasdaq.com/symbol/cop",
"ED","Consolidated Edison Inc","81.56","24934610469.2","n/a","n/a","Public Utilities","Power Generation","http://www.nasdaq.com/symbol/ed",
"STZ","Constellation Brands Inc","210.11","41036572123.73","n/a","n/a","Consumer Non-Durables","Beverages (Production/Distribution)","http://www.nasdaq.com/symbol/stz",
"CLR","Continental Resources, Inc.","36.55","13714260005.6","n/a","2007","Energy","Oil & Gas Production","http://www.nasdaq.com/symbol/clr",
"COO","Cooper Companies, Inc. (The)","241.33","11812920089.2","n/a","n/a","Health Care","Ophthalmic Goods","http://www.nasdaq.com/symbol/coo",
"GLW","Corning Incorporated","30.09","27176795908.14","n/a","n/a","Basic Industries","Telecommunications Equipment","http://www.nasdaq.com/symbol/glw",
"CSGP","CoStar Group, Inc.","276.91","10009258918.23","n/a","1998","Miscellaneous","Business Services","http://www.nasdaq.com/symbol/csgp",
"COST","Costco Wholesale Corporation","157.09","68898627780.6","n/a","n/a","Consumer Services","Department/Specialty Retail Stores","http://www.nasdaq.com/symbol/cost",
"COTY","Coty Inc.","16.88","12643294015.92","n/a","2013","Consumer Non-Durables","Package Goods/Cosmetics","http://www.nasdaq.com/symbol/coty",
"BAP","Credicorp Ltd.","206.18","19459680760","n/a","n/a","Finance","Commercial Banks","http://www.nasdaq.com/symbol/bap",
"CS","Credit Suisse Group","16.05","40979971189.65","n/a","n/a","Finance","Investment Bankers/Brokers/Service","http://www.nasdaq.com/symbol/cs",
"CRH","CRH PLC","36.25","30339327445","n/a","n/a","Capital Goods","Building Materials","http://www.nasdaq.com/symbol/crh",
"CCI","Crown Castle International Corporation","101.52","41244246956.16","n/a","n/a","Consumer Services","Real Estate Investment Trusts","http://www.nasdaq.com/symbol/cci",
"CSX","CSX Corporation","52.35","47811936073.5","n/a","n/a","Transportation","Railroads","http://www.nasdaq.com/symbol/csx",
"CTRP","Ctrip.com International, Ltd.","55.71","25519616744.4","458079640","2003","Miscellaneous","Business Services","http://www.nasdaq.com/symbol/ctrp",
"CMI","Cummins Inc.","172.11","28849182842.88","n/a","n/a","Energy","Industrial Machinery/Components","http://www.nasdaq.com/symbol/cmi",
"CVS","CVS Health Corporation","76.92","78194158877.76","n/a","n/a","Health Care","Medical/Nursing Services","http://www.nasdaq.com/symbol/cvs",
"DHI","D.R. Horton, Inc.","41.08","15375547077.8","n/a","n/a","Capital Goods","Homebuilding","http://www.nasdaq.com/symbol/dhi",
"CB","D/B/A Chubb Limited New","146.15","68020559945.85","n/a","n/a","Finance","Property-Casualty Insurers","http://www.nasdaq.com/symbol/cb",
"DHR","Danaher Corporation","87.63","60875674447.29","n/a","n/a","Capital Goods","Industrial Machinery/Components","http://www.nasdaq.com/symbol/dhr",
"DVA","DaVita Inc.","59.82","11437584000","n/a","n/a","Health Care","Hospital/Nursing Management","http://www.nasdaq.com/symbol/dva",
"DE","Deere & Company","128.13","41167765646.76","n/a","n/a","Capital Goods","Industrial Machinery/Components","http://www.nasdaq.com/symbol/de",
"DVMT","Dell Technologies Inc.","79.04","16056230652.8","n/a","n/a","Technology","Computer Manufacturing","http://www.nasdaq.com/symbol/dvmt",
"DLPH","Delphi Automotive plc","100.45","26804496273.8","n/a","2011","Capital Goods","Auto Parts:O.E.M.","http://www.nasdaq.com/symbol/dlph",
"DAL","Delta Air Lines, Inc.","52.01","37656811638.18","n/a","n/a","Transportation","Air Freight/Delivery Services","http://www.nasdaq.com/symbol/dal",
"XRAY","DENTSPLY SIRONA Inc.","58.51","13428153009.46","n/a","1987","Health Care","Medical/Dental Instruments","http://www.nasdaq.com/symbol/xray",
"DB","Deutsche Bank AG","17.21","35545534000","n/a","n/a","Finance","Major Banks","http://www.nasdaq.com/symbol/db",
"DVN","Devon Energy Corporation","35.78","18802929598.18","n/a","n/a","Energy","Oil & Gas Production","http://www.nasdaq.com/symbol/dvn",
"DEO","Diageo plc","132.96","83553361689.6","n/a","n/a","Consumer Non-Durables","Beverages (Production/Distribution)","http://www.nasdaq.com/symbol/deo",
"DLR","Digital Realty Trust, Inc.","118.22","24278941414.12","n/a","2004","Consumer Services","Real Estate Investment Trusts","http://www.nasdaq.com/symbol/dlr",
"DFS","Discover Financial Services","65.75","24482140581","n/a","n/a","Finance","Finance: Consumer Services","http://www.nasdaq.com/symbol/dfs",
"DISH","DISH Network Corporation","53.33","24857774611.98","n/a","1995","Consumer Services","Television Services","http://www.nasdaq.com/symbol/dish",
"DG","Dollar General Corporation","80.33","21950895871.65","n/a","2009","Consumer Services","Department/Specialty Retail Stores","http://www.nasdaq.com/symbol/dg",
"DLTR","Dollar Tree, Inc.","89.42","21178649944.3","n/a","1995","Consumer Services","Department/Specialty Retail Stores","http://www.nasdaq.com/symbol/dltr",
"D","Dominion Energy, Inc.","76.81","49357027049.93","n/a","n/a","Public Utilities","Electric Utilities: Central","http://www.nasdaq.com/symbol/d",
"DOV","Dover Corporation","94.07","14649923249.25","n/a","n/a","Technology","Industrial Machinery/Components","http://www.nasdaq.com/symbol/dov",
"DWDP","DowDuPont Inc.","71.22","166367941650.84","n/a","2017","Basic Industries","Major Chemicals","http://www.nasdaq.com/symbol/dwdp",
"DPS","Dr Pepper Snapple Group, Inc","88.26","16039023169.38","n/a","n/a","Consumer Non-Durables","Beverages (Production/Distribution)","http://www.nasdaq.com/symbol/dps",
"DTE","DTE Energy Company","107.68","19317100586.72","n/a","n/a","Public Utilities","Electric Utilities: Central","http://www.nasdaq.com/symbol/dte",
"DUK","Duke Energy Corporation","84.64","59243800417.12","n/a","n/a","Public Utilities","Power Generation","http://www.nasdaq.com/symbol/duk",
"DRE","Duke Realty Corporation","29.01","10319786161.29","n/a","n/a","Consumer Services","Real Estate Investment Trusts","http://www.nasdaq.com/symbol/dre",
"DXC","DXC Technology Company","87.44","24893251628.8","n/a","n/a","Technology","EDP Services","http://www.nasdaq.com/symbol/dxc",
"ETFC","E*TRADE Financial Corporation","43.95","12073499226","n/a","n/a","Finance","Savings Institutions","http://www.nasdaq.com/symbol/etfc",
"EMN","Eastman Chemical Company","91","13183997918","n/a","n/a","Basic Industries","Major Chemicals","http://www.nasdaq.com/symbol/emn",
"ETN","Eaton Corporation, PLC","77.75","34583200000","n/a","n/a","Technology","Industrial Machinery/Components","http://www.nasdaq.com/symbol/etn",
"EBAY","eBay Inc.","38.81","41538945292.39","n/a","1998","Miscellaneous","Business Services","http://www.nasdaq.com/symbol/ebay",
"ECL","Ecolab Inc.","131.97","38189650292.97","n/a","n/a","Basic Industries","Package Goods/Cosmetics","http://www.nasdaq.com/symbol/ecl",
"EC","Ecopetrol S.A.","9.5","19530429973","n/a","n/a","Energy","Oil & Gas Production","http://www.nasdaq.com/symbol/ec",
"EIX","Edison International","77.62","25289465809.72","n/a","n/a","Public Utilities","Electric Utilities: Central","http://www.nasdaq.com/symbol/eix",
"EW","Edwards Lifesciences Corporation","111.46","23535674023.8","n/a","n/a","Health Care","Industrial Specialties","http://www.nasdaq.com/symbol/ew",
"EA","Electronic Arts Inc.","120.09","37075111774.71","n/a","n/a","Technology","Computer Software: Prepackaged Software","http://www.nasdaq.com/symbol/ea",
"LLY","Eli Lilly and Company","87.08","95874117243.52","n/a","n/a","Health Care","Major Pharmaceuticals","http://www.nasdaq.com/symbol/lly",
"EMR","Emerson Electric Company","63.7","40769249539.2","n/a","n/a","Energy","Consumer Electronics/Appliances","http://www.nasdaq.com/symbol/emr",
"ENB","Enbridge Inc","41.32","68009724671.88","n/a","n/a","Energy","Natural Gas Distribution","http://www.nasdaq.com/symbol/enb",
"ECA","Encana Corporation","11.23","10928384570.16","n/a","n/a","Energy","Oil & Gas Production","http://www.nasdaq.com/symbol/eca",
"ENIA","Enel Americas S.A.","10.8","12409770564","n/a","n/a","Public Utilities","Electric Utilities: Central","http://www.nasdaq.com/symbol/enia",
"ETE","Energy Transfer Equity, L.P.","17.92","19338995737.6","n/a","2006","Public Utilities","Natural Gas Distribution","http://www.nasdaq.com/symbol/ete",
"ETP","Energy Transfer Partners, L.P.","18.54","26651612419.92","n/a","n/a","Energy","Natural Gas Distribution","http://www.nasdaq.com/symbol/etp",
"E","ENI S.p.A.","32.59","59219049952.35","n/a","n/a","Energy","Oil & Gas Production","http://www.nasdaq.com/symbol/e",
"ETR","Entergy Corporation","78.65","14119249651.65","n/a","n/a","Public Utilities","Electric Utilities: Central","http://www.nasdaq.com/symbol/etr",
"EPD","Enterprise Products Partners L.P.","26.29","56496844805.61","n/a","n/a","Public Utilities","Natural Gas Distribution","http://www.nasdaq.com/symbol/epd",
"EOG","EOG Resources, Inc.","96.19","55544734566.61","n/a","n/a","Energy","Oil & Gas Production","http://www.nasdaq.com/symbol/eog",
"EQT","EQT Corporation","63.61","11057478455.12","n/a","n/a","Energy","Oil & Gas Production","http://www.nasdaq.com/symbol/eqt",
"EFX","Equifax, Inc.","111.34","13402275152.06","n/a","n/a","Finance","Finance: Consumer Services","http://www.nasdaq.com/symbol/efx",
"EQIX","Equinix, Inc.","448.83","34984108209.6","n/a","2000","Consumer Services","Real Estate Investment Trusts","http://www.nasdaq.com/symbol/eqix",
"EQR","Equity Residential","66.42","24396946529.94","n/a","n/a","Consumer Services","Real Estate Investment Trusts","http://www.nasdaq.com/symbol/eqr",
"ERIC","Ericsson","5.73","1869202879.41","326213417","n/a","Technology","Radio And Television Broadcasting And Communications Equipment","http://www.nasdaq.com/symbol/eric",
"ESS","Essex Property Trust, Inc.","257.01","16960021021.32","n/a","1994","Consumer Services","Real Estate Investment Trusts","http://www.nasdaq.com/symbol/ess",
"EL","Estee Lauder Companies, Inc. (The)","109.74","40443009500.7","n/a","1995","Consumer Non-Durables","Package Goods/Cosmetics","http://www.nasdaq.com/symbol/el",
"ES","Eversource Energy","60.38","19133565087.04","n/a","n/a","Public Utilities","Electric Utilities: Central","http://www.nasdaq.com/symbol/es",
"EXC","Exelon Corporation","38.15","36627353308.7","n/a","n/a","Public Utilities","Power Generation","http://www.nasdaq.com/symbol/exc",
"EXPE","Expedia, Inc.","147.99","22440698510.13","n/a","n/a","Consumer Services","Transportation Services","http://www.nasdaq.com/symbol/expe",
"EXPD","Expeditors International of Washington, Inc.","60.34","10905733695.64","n/a","n/a","Transportation","Oil Refining/Marketing","http://www.nasdaq.com/symbol/expd",
"ESRX","Express Scripts Holding Company","62.36","36015955640","n/a","1992","Health Care","Medical/Nursing Services","http://www.nasdaq.com/symbol/esrx",
"EXR","Extra Space Storage Inc","80.38","10127889163.32","n/a","2004","Consumer Services","Real Estate Investment Trusts","http://www.nasdaq.com/symbol/exr",
"FAST","Fastenal Company","46.03","13255635349.22","n/a","1987","Consumer Services","RETAIL: Building Materials","http://www.nasdaq.com/symbol/fast",
"FDX","FedEx Corporation","220.8","59207005094.4","n/a","n/a","Transportation","Air Freight/Delivery Services","http://www.nasdaq.com/symbol/fdx",
"RACE","Ferrari N.V.","112.6","27637321615.6","n/a","2015","Capital Goods","Auto Manufacturing","http://www.nasdaq.com/symbol/race",
"FCAU","Fiat Chrysler Automobiles N.V.","17.6","34253752843.2","n/a","2014","Capital Goods","Auto Manufacturing","http://www.nasdaq.com/symbol/fcau",
"FNF","Fidelity National Financial, Inc.","34.4","11625619973.6","n/a","2014","Finance","Specialty Insurers","http://www.nasdaq.com/symbol/fnf",
"FIS","Fidelity National Information Services, Inc.","93.91","31216891776.51","n/a","n/a","Miscellaneous","Business Services","http://www.nasdaq.com/symbol/fis",
"FITB","Fifth Third Bancorp","28.19","20768301288.65","n/a","n/a","Finance","Major Banks","http://www.nasdaq.com/symbol/fitb",
"FDC","First Data Corporation","18.07","16678290323.63","n/a","2015","Miscellaneous","Business Services","http://www.nasdaq.com/symbol/fdc",
"FRC","FIRST REPUBLIC BANK","104.99","16508703927.73","n/a","n/a","n/a","n/a","http://www.nasdaq.com/symbol/frc",
"FE","FirstEnergy Corporation","31.38","13942273829.28","n/a","n/a","Public Utilities","Electric Utilities: Central","http://www.nasdaq.com/symbol/fe",
"FISV","Fiserv, Inc.","127.48","26830147039.2","n/a","1986","Technology","EDP Services","http://www.nasdaq.com/symbol/fisv",
"FLT","FleetCor Technologies, Inc.","160.76","14770433315.84","n/a","2010","Miscellaneous","Business Services","http://www.nasdaq.com/symbol/flt",
"FMC","FMC Corporation","91.16","12227144214.72","n/a","n/a","Basic Industries","Major Chemicals","http://www.nasdaq.com/symbol/fmc",
"FMX","Fomento Economico Mexicano S.A.B. de C.V.","94.6","33850020514.2","n/a","n/a","Consumer Non-Durables","Beverages (Production/Distribution)","http://www.nasdaq.com/symbol/fmx",
"F","Ford Motor Company","12.31","48020116730.15","n/a","n/a","Capital Goods","Auto Manufacturing","http://www.nasdaq.com/symbol/f",
"FTS","Fortis Inc.","36.14","15106020147.66","n/a","2016","Public Utilities","Electric Utilities: Central","http://www.nasdaq.com/symbol/fts",
"FTV","Fortive Corporation","71.55","24835114185.3","n/a","2016","Capital Goods","Industrial Machinery/Components","http://www.nasdaq.com/symbol/ftv",
"FBHS","Fortune Brands Home & Security, Inc.","65.96","10158556391.56","n/a","n/a","Basic Industries","Homebuilding","http://www.nasdaq.com/symbol/fbhs",
"FNV","Franco-Nevada Corporation","79.19","14696707859.94","n/a","n/a","Basic Industries","Precious Metals","http://www.nasdaq.com/symbol/fnv",
"BEN","Franklin Resources, Inc.","44.67","24912521269.98","n/a","n/a","Finance","Investment Managers","http://www.nasdaq.com/symbol/ben",
"FCX","Freeport-McMoran, Inc.","14.33","20739914784.06","n/a","n/a","Basic Industries","Precious Metals","http://www.nasdaq.com/symbol/fcx",
"FMS","Fresenius Medical Care Corporation","48.94","30035561727.36","n/a","n/a","Health Care","Hospital/Nursing Management","http://www.nasdaq.com/symbol/fms",
"GPS","Gap, Inc. (The)","29.39","11525545956.4","n/a","n/a","Consumer Services","Clothing/Shoe/Accessory Stores","http://www.nasdaq.com/symbol/gps",
"GRMN","Garmin Ltd.","53.83","10104074990.94","n/a","2000","Capital Goods","Industrial Machinery/Components","http://www.nasdaq.com/symbol/grmn",
"IT","Gartner, Inc.","122.39","11088209421.72","n/a","1993","Consumer Services","Other Consumer Services","http://www.nasdaq.com/symbol/it",
"GD","General Dynamics Corporation","212.6","63665579105.2","n/a","n/a","Capital Goods","Marine Transportation","http://www.nasdaq.com/symbol/gd",
"GIS","General Mills, Inc.","51.4","29212597255.2","n/a","n/a","Consumer Non-Durables","Packaged Foods","http://www.nasdaq.com/symbol/gis",
"GM","General Motors Company","44.93","65223866840.04","n/a","2010","Capital Goods","Auto Manufacturing","http://www.nasdaq.com/symbol/gm",
"GPC","Genuine Parts Company","95.55","14029701763.35","n/a","n/a","Capital Goods","Automotive Aftermarket","http://www.nasdaq.com/symbol/gpc",
"GGP","GGP Inc.","21.21","18707292962.4","n/a","n/a","Consumer Services","Real Estate Investment Trusts","http://www.nasdaq.com/symbol/ggp",
"GILD","Gilead Sciences, Inc.","82.14","107268779464.38","n/a","1992","Health Care","Biotechnology: Biological Products (No Diagnostic Substances)","http://www.nasdaq.com/symbol/gild",
"GSK","GlaxoSmithKline PLC","40.61","99872805906.85","n/a","n/a","Health Care","Major Pharmaceuticals","http://www.nasdaq.com/symbol/gsk",
"GPN","Global Payments Inc.","96.95","15400146942.95","n/a","n/a","Miscellaneous","Business Services","http://www.nasdaq.com/symbol/gpn",
"GOL","Gol Linhas Aereas Inteligentes S.A.","24.33","25488707637.18","n/a","2004","Transportation","Air Freight/Delivery Services","http://www.nasdaq.com/symbol/gol",
"GG","Goldcorp Inc.","13.3","11530387904.7","n/a","n/a","Basic Industries","Precious Metals","http://www.nasdaq.com/symbol/gg",
"GS","Goldman Sachs Group, Inc. (The)","246.02","95179019482.6","n/a","1999","Finance","Investment Bankers/Brokers/Service","http://www.nasdaq.com/symbol/gs",
"GRFS","Grifols, S.A.","21.12","3020593509.12","143020526","n/a","Health Care","Major Pharmaceuticals","http://www.nasdaq.com/symbol/grfs",
"AVAL","Grupo Aval Acciones y Valores S.A.","9.03","10059879238.71","n/a","2014","Finance","Commercial Banks","http://www.nasdaq.com/symbol/aval",
"BSMX","Grupo Financiero Santander Mexico S.A. B. de C.V.","9.67","13107536372.1","n/a","2012","Finance","Commercial Banks","http://www.nasdaq.com/symbol/bsmx",
"TV","Grupo Televisa S.A.","24.06","14210103330.66","n/a","1993","Consumer Services","Broadcasting","http://www.nasdaq.com/symbol/tv",
"HAL","Halliburton Company","44.75","39003894597.5","n/a","n/a","Energy","Oilfield Services/Equipment","http://www.nasdaq.com/symbol/hal",
"HRS","Harris Corporation","135.66","16158410235.24","n/a","n/a","Capital Goods","Industrial Machinery/Components","http://www.nasdaq.com/symbol/hrs",
"HIG","Hartford Financial Services Group, Inc. (The)","55.62","20262372062.58","n/a","n/a","Finance","Property-Casualty Insurers","http://www.nasdaq.com/symbol/hig",
"HAS","Hasbro, Inc.","96.26","12040304857.06","n/a","n/a","Consumer Non-Durables","Recreational Products/Toys","http://www.nasdaq.com/symbol/has",
"HCA","HCA Healthcare, Inc.","76.64","27686177008","n/a","2011","Health Care","Hospital/Nursing Management","http://www.nasdaq.com/symbol/hca",
"HCP","HCP, Inc.","26.92","12624487890.32","n/a","n/a","Consumer Services","Real Estate Investment Trusts","http://www.nasdaq.com/symbol/hcp",
"HDB","HDFC Bank Limited","93.4","79780589927","n/a","2001","Finance","Commercial Banks","http://www.nasdaq.com/symbol/hdb",
"HSIC","Henry Schein, Inc.","80.99","12805488450.3","n/a","1995","Health Care","Medical Specialities","http://www.nasdaq.com/symbol/hsic",
"HSY","Hershey Company (The)","108.65","23082345797.85","n/a","n/a","Consumer Non-Durables","Specialty Foods","http://www.nasdaq.com/symbol/hsy",
"HES","Hess Corporation","44.59","14172649022.35","n/a","n/a","Energy","Integrated oil Companies","http://www.nasdaq.com/symbol/hes",
"HPE","Hewlett Packard Enterprise Company","14.8","23968069656.8","n/a","2015","Technology","Computer Manufacturing","http://www.nasdaq.com/symbol/hpe",
"HLT","Hilton Worldwide Holdings Inc.","69.48","22301568462.6","n/a","2016","Consumer Services","Hotels/Resorts","http://www.nasdaq.com/symbol/hlt",
"HOLX","Hologic, Inc.","37.69","10571045046.61","n/a","1990","Health Care","Medical Electronics","http://www.nasdaq.com/symbol/holx",
"HD","Home Depot, Inc. (The)","165.85","195506896306.4","n/a","n/a","Consumer Services","RETAIL: Building Materials","http://www.nasdaq.com/symbol/hd",
"HMC","Honda Motor Company, Ltd.","30.09","54230617085.55","n/a","n/a","Capital Goods","Auto Manufacturing","http://www.nasdaq.com/symbol/hmc",
"HON","Honeywell International Inc.","143.62","109232944051.78","n/a","n/a","Capital Goods","Auto Parts:O.E.M.","http://www.nasdaq.com/symbol/hon",
"HRL","Hormel Foods Corporation","31.62","16689927557.52","n/a","n/a","Consumer Non-Durables","Meat/Poultry/Fish","http://www.nasdaq.com/symbol/hrl",
"HST","Host Hotels & Resorts, Inc.","18.34","13572551937.7","n/a","n/a","Consumer Services","Real Estate Investment Trusts","http://www.nasdaq.com/symbol/hst",
"HPQ","HP Inc.","20.58","34373834955.18","n/a","n/a","Technology","Computer Manufacturing","http://www.nasdaq.com/symbol/hpq",
"HSBC","HSBC Holdings plc","49.5","198618567889.5","n/a","n/a","Finance","Savings Institutions","http://www.nasdaq.com/symbol/hsbc",
"HUM","Humana Inc.","246.9","35681297173.8","n/a","n/a","Health Care","Medical Specialities","http://www.nasdaq.com/symbol/hum",
"HBAN","Huntington Bancshares Incorporated","13.9","15151228919.1","n/a","n/a","Finance","Major Banks","http://www.nasdaq.com/symbol/hban",
"HBANO","Huntington Bancshares Incorporated","27.02","21526538860.54","n/a","n/a","Finance","Major Banks","http://www.nasdaq.com/symbol/hbano",
"HII","Huntington Ingalls Industries, Inc.","235.83","10708455205.77","n/a","n/a","Capital Goods","Marine Transportation","http://www.nasdaq.com/symbol/hii",
"IBN","ICICI Bank Limited","8.47","27158334982.24","n/a","n/a","Finance","Commercial Banks","http://www.nasdaq.com/symbol/ibn",
"IDXX","IDEXX Laboratories, Inc.","158.97","13874236628.49","n/a","1991","Health Care","Biotechnology: In Vitro & In Vivo Diagnostic Substances","http://www.nasdaq.com/symbol/idxx",
"INFO","IHS Markit Ltd.","43.98","18652479844.5","n/a","1996","Technology","Computer Software: Programming, Data Processing","http://www.nasdaq.com/symbol/info",
"ITW","Illinois Tool Works Inc.","151.63","52183376554.6","n/a","n/a","Technology","Industrial Machinery/Components","http://www.nasdaq.com/symbol/itw",
"ILMN","Illumina, Inc.","204.18","29810280000","n/a","2000","Capital Goods","Biotechnology: Laboratory Analytical Instruments","http://www.nasdaq.com/symbol/ilmn",
"IMO","Imperial Oil Limited","31.33","26330870876.83","n/a","n/a","Energy","Integrated oil Companies","http://www.nasdaq.com/symbol/imo",
"INCY","Incyte Corporation","114.7","24161524145.7","n/a","n/a","Health Care","Biotechnology: Commercial Physical & Biological Resarch","http://www.nasdaq.com/symbol/incy",
"INFY","Infosys Limited","14.63","33604626800.36","n/a","n/a","Technology","EDP Services","http://www.nasdaq.com/symbol/infy",
"ING","ING Group, N.V.","18.47","71635592516.81","n/a","1997","Finance","Commercial Banks","http://www.nasdaq.com/symbol/ing",
"IR","Ingersoll-Rand plc (Ireland)","92.05","23350128906.3","n/a","n/a","Capital Goods","Auto Parts:O.E.M.","http://www.nasdaq.com/symbol/ir",
"INTC","Intel Corporation","39.63","186221370000","n/a","n/a","Technology","Semiconductors","http://www.nasdaq.com/symbol/intc",
"IBKR","Interactive Brokers Group, Inc.","47.45","19592593640.1","n/a","n/a","Finance","Investment Bankers/Brokers/Service","http://www.nasdaq.com/symbol/ibkr",
"ICE","Intercontinental Exchange Inc.","69.03","40623641761.95","n/a","2005","Finance","Investment Bankers/Brokers/Service","http://www.nasdaq.com/symbol/ice",
"IFF","Internationa Flavors & Fragrances, Inc.","145.63","11501236288.05","n/a","n/a","Basic Industries","Major Chemicals","http://www.nasdaq.com/symbol/iff",
"IBM","International Business Machines Corporation","146.48","136510614704.56","n/a","n/a","Technology","Computer Manufacturing","http://www.nasdaq.com/symbol/ibm",
"IP","International Paper Company","57.45","23721972092.85","n/a","n/a","Basic Industries","Paper","http://www.nasdaq.com/symbol/ip",
"INTU","Intuit Inc.","144.18","36762079806.72","n/a","1993","Technology","Computer Software: Prepackaged Software","http://www.nasdaq.com/symbol/intu",
"ISRG","Intuitive Surgical, Inc.","361.47","80861947267.02","n/a","2000","Health Care","Industrial Specialties","http://www.nasdaq.com/symbol/isrg",
"IVZ","Invesco Plc","35.77","14554517253.64","n/a","n/a","Finance","Investment Managers","http://www.nasdaq.com/symbol/ivz",
"IPGP","IPG Photonics Corporation","192.83","10379180420.84","n/a","2006","Technology","Semiconductors","http://www.nasdaq.com/symbol/ipgp",
"IRM","Iron Mountain Incorporated","38.12","10162437560.24","n/a","n/a","Consumer Services","Real Estate Investment Trusts","http://www.nasdaq.com/symbol/irm",
"CSJ","iShares 1-3 Year Credit Bond ETF","105.16","11961950000","n/a","n/a","n/a","n/a","http://www.nasdaq.com/symbol/csj",
"SHY","iShares 1-3 Year Treasury Bond ETF","84.34","11183484000","n/a","n/a","n/a","n/a","http://www.nasdaq.com/symbol/shy",
"EMB","iShares J.P. Morgan USD Emerging Markets Bond ETF","115.69","11962346000","n/a","n/a","n/a","n/a","http://www.nasdaq.com/symbol/emb",
"MBB","iShares MBS ETF","106.83","11121003000","n/a","n/a","n/a","n/a","http://www.nasdaq.com/symbol/mbb",
"IBB","iShares Nasdaq Biotechnology Index Fund","340.48","10708096000","n/a","n/a","n/a","n/a","http://www.nasdaq.com/symbol/ibb",
"DVY","iShares Select Dividend ETF","94.04","17101174000","n/a","n/a","n/a","n/a","http://www.nasdaq.com/symbol/dvy",
"PFF","iShares U.S. Preferred Stock ETF","38.31","18273870000","n/a","n/a","n/a","n/a","http://www.nasdaq.com/symbol/pff",
"ITUB","Itau Unibanco Banco Holding SA","14.14","91857897635","n/a","n/a","Finance","Major Banks","http://www.nasdaq.com/symbol/itub",
"JBHT","J.B. Hunt Transport Services, Inc.","106.73","11680045898.69","n/a","n/a","Transportation","Trucking Freight/Courier Services","http://www.nasdaq.com/symbol/jbht",
"SJM","J.M. Smucker Company (The)","104.24","11840060788.8","n/a","n/a","Consumer Non-Durables","Packaged Foods","http://www.nasdaq.com/symbol/sjm",
"JD","JD.com, Inc.","39.24","36020542506.48","917954702","2014","Consumer Services","Other Specialty Stores","http://www.nasdaq.com/symbol/jd",
"JCI","Johnson Controls International plc","41.07","38293616991.06","n/a","n/a","Consumer Services","Other Consumer Services","http://www.nasdaq.com/symbol/jci",
"JNPR","Juniper Networks, Inc.","28.43","10812171166.74","n/a","1999","Technology","Computer Communications Equipment","http://www.nasdaq.com/symbol/jnpr",
"KSU","Kansas City Southern","103.74","10936392383.28","n/a","n/a","Transportation","Railroads","http://www.nasdaq.com/symbol/ksu",
"KB","KB Financial Group Inc","49.89","19784639025.36","n/a","n/a","Finance","Commercial Banks","http://www.nasdaq.com/symbol/kb",
"K","Kellogg Company","62.4","21536405280","n/a","n/a","Consumer Non-Durables","Packaged Foods","http://www.nasdaq.com/symbol/k",
"KEY","KeyCorp","18.69","20326223825.04","n/a","n/a","Finance","Major Banks","http://www.nasdaq.com/symbol/key",
"KMB","Kimberly-Clark Corporation","115.39","40767615053.77","n/a","n/a","Consumer Durables","Containers/Packaging","http://www.nasdaq.com/symbol/kmb",
"KMI","Kinder Morgan, Inc.","19.02","42475983455.22","n/a","2011","Public Utilities","Natural Gas Distribution","http://www.nasdaq.com/symbol/kmi",
"KLAC","KLA-Tencor Corporation","102.47","16077244299.95","n/a","1980","Capital Goods","Electronic Components","http://www.nasdaq.com/symbol/klac",
"PHG","Koninklijke Philips N.V.","41.1","38512549500","n/a","n/a","Energy","Consumer Electronics/Appliances","http://www.nasdaq.com/symbol/phg",
"KEP","Korea Electric Power Corporation","16.86","21647028676.44","n/a","1994","Public Utilities","Electric Utilities: Central","http://www.nasdaq.com/symbol/kep",
"KR","Kroger Company (The)","20.63","18350842470.25","n/a","n/a","Consumer Services","Food Chains","http://www.nasdaq.com/symbol/kr",
"KYO","Kyocera Corporation","63.3","23276104084.5","n/a","n/a","Technology","Semiconductors","http://www.nasdaq.com/symbol/kyo",
"LB","L Brands, Inc.","42.92","12182689848.6","n/a","n/a","Consumer Services","Clothing/Shoe/Accessory Stores","http://www.nasdaq.com/symbol/lb",
"LLL","L3 Technologies, Inc.","189.38","14812936581.56","n/a","n/a","Technology","Radio And Television Broadcasting And Communications Equipment","http://www.nasdaq.com/symbol/lll",
"LH","Laboratory Corporation of America Holdings","151.65","15437970000","n/a","n/a","Health Care","Medical Specialities","http://www.nasdaq.com/symbol/lh",
"LRCX","Lam Research Corporation","184.83","30034228649.49","n/a","1984","Technology","Industrial Machinery/Components","http://www.nasdaq.com/symbol/lrcx",
"LVS","Las Vegas Sands Corp.","64.26","50850408011.76","n/a","2004","Consumer Services","Hotels/Resorts","http://www.nasdaq.com/symbol/lvs",
"LEA","Lear Corporation","173.75","11816101922.5","n/a","n/a","Capital Goods","Auto Parts:O.E.M.","http://www.nasdaq.com/symbol/lea",
"LEN","Lennar Corporation","55.89","13105935498.42","n/a","n/a","Basic Industries","Homebuilding","http://www.nasdaq.com/symbol/len",
"LVLT","Level 3 Communications, Inc.","55.08","19977063903.36","n/a","2011","Public Utilities","Telecommunications Equipment","http://www.nasdaq.com/symbol/lvlt",
"LBRDA","Liberty Broadband Corporation","95.93","17443062219.5","n/a","n/a","Consumer Services","Television Services","http://www.nasdaq.com/symbol/lbrda",
"LBRDK","Liberty Broadband Corporation","97","17637621550","n/a","n/a","Consumer Services","Television Services","http://www.nasdaq.com/symbol/lbrdk",
"LBTYA","Liberty Global plc","33.09","27537154591.98","n/a","n/a","Consumer Services","Television Services","http://www.nasdaq.com/symbol/lbtya",
"LBTYB","Liberty Global plc","32.85","27337429082.7","n/a","n/a","Consumer Services","Television Services","http://www.nasdaq.com/symbol/lbtyb",
"LBTYK","Liberty Global plc","31.89","26538527045.58","n/a","n/a","Consumer Services","Television Services","http://www.nasdaq.com/symbol/lbtyk",
"QVCA","Liberty Interactive Corporation","23.08","10413191609.68","n/a","n/a","Consumer Services","Catalog/Specialty Distribution","http://www.nasdaq.com/symbol/qvca",
"QVCB","Liberty Interactive Corporation","23.4168","10565148409.2528","n/a","n/a","Consumer Services","Catalog/Specialty Distribution","http://www.nasdaq.com/symbol/qvcb",
"LSXMK","Liberty Media Corporation","43.58","14643383959.12","n/a","n/a","Consumer Services","Broadcasting","http://www.nasdaq.com/symbol/lsxmk",
"LNC","Lincoln National Corporation","75","16614575175","n/a","n/a","Finance","Life Insurance","http://www.nasdaq.com/symbol/lnc",
"LKQ","LKQ Corporation","36.88","11390794159.44","n/a","n/a","Consumer Services","Motor Vehicles","http://www.nasdaq.com/symbol/lkq",
"LYG","Lloyds Banking Group Plc","3.57","64220889175.59","n/a","n/a","Finance","Commercial Banks","http://www.nasdaq.com/symbol/lyg",
"LMT","Lockheed Martin Corporation","316.46","91137589137.9","n/a","n/a","Capital Goods","Military/Government/Technical","http://www.nasdaq.com/symbol/lmt",
"L","Loews Corporation","48.92","16466532758.64","n/a","n/a","Finance","Property-Casualty Insurers","http://www.nasdaq.com/symbol/l",
"LOW","Lowe&#39;s Companies, Inc.","81.86","68174004972.94","n/a","n/a","Consumer Services","RETAIL: Building Materials","http://www.nasdaq.com/symbol/low",
"LYB","LyondellBasell Industries NV","98.9","39145010259.4","n/a","n/a","Basic Industries","Major Chemicals","http://www.nasdaq.com/symbol/lyb",
"MTB","M&T Bank Corporation","162.08","24625125755.68","n/a","n/a","Finance","Major Banks","http://www.nasdaq.com/symbol/mtb",
"MMP","Magellan Midstream Partners L.P.","70.73","16128176845.88","n/a","n/a","Energy","Natural Gas Distribution","http://www.nasdaq.com/symbol/mmp",
"MGA","Magna International, Inc.","53.96","19846637792.96","n/a","n/a","Capital Goods","Auto Parts:O.E.M.","http://www.nasdaq.com/symbol/mga",
"MFC","Manulife Financial Corp","20.27","40101827970.75","n/a","n/a","Finance","Life Insurance","http://www.nasdaq.com/symbol/mfc",
"MRO","Marathon Oil Corporation","13.55","11515263098.25","n/a","n/a","Energy","Oil & Gas Production","http://www.nasdaq.com/symbol/mro",
"MPC","Marathon Petroleum Corporation","56.02","28360342245.56","n/a","n/a","Energy","Integrated oil Companies","http://www.nasdaq.com/symbol/mpc",
"MKL","Markel Corporation","1076.53","14976056666.48","n/a","1986","Finance","Property-Casualty Insurers","http://www.nasdaq.com/symbol/mkl",
"MAR","Marriott International","111.76","41621672834.72","n/a","n/a","Consumer Services","Hotels/Resorts","http://www.nasdaq.com/symbol/mar",
"MMC","Marsh & McLennan Companies, Inc.","83.2","42642069766.4","n/a","n/a","Finance","Specialty Insurers","http://www.nasdaq.com/symbol/mmc",
"MLM","Martin Marietta Materials, Inc.","205.95","12941834979.3","n/a","1994","Basic Industries","Mining & Quarrying of Nonmetallic Minerals (No Fuels)","http://www.nasdaq.com/symbol/mlm",
"MAS","Masco Corporation","39.23","12498432106.36","n/a","n/a","Basic Industries","Forest Products","http://www.nasdaq.com/symbol/mas",
"MA","Mastercard Incorporated","143.52","159147046032","n/a","2006","Miscellaneous","Business Services","http://www.nasdaq.com/symbol/ma",
"MXIM","Maxim Integrated Products, Inc.","48.57","13684942055.58","n/a","1988","Technology","Semiconductors","http://www.nasdaq.com/symbol/mxim",
"MKC","McCormick & Company, Incorporated","98.18","12861419868.42","n/a","n/a","Consumer Non-Durables","Packaged Foods","http://www.nasdaq.com/symbol/mkc",
"MCD","McDonald&#39;s Corporation","159.6","129275459434.8","n/a","n/a","Consumer Services","Restaurants","http://www.nasdaq.com/symbol/mcd",
"MCK","McKesson Corporation","151.29","31810315734.99","n/a","n/a","Health Care","Other Pharmaceuticals","http://www.nasdaq.com/symbol/mck",
"MDT","Medtronic plc","79.81","108109942427.35","n/a","n/a","Health Care","Biotechnology: Electromedical & Electrotherapeutic Apparatus","http://www.nasdaq.com/symbol/mdt",
"MLCO","Melco Resorts & Entertainment Limited","23.57","4018386132.4","170487320","n/a","Consumer Services","Hotels/Resorts","http://www.nasdaq.com/symbol/mlco",
"MELI","MercadoLibre, Inc.","268.82","11870382590.48","n/a","2007","Miscellaneous","Business Services","http://www.nasdaq.com/symbol/meli",
"MRK","Merck & Company, Inc.","64.55","176050722647","n/a","n/a","Health Care","Major Pharmaceuticals","http://www.nasdaq.com/symbol/mrk",
"MET","MetLife, Inc.","53.02","56257034725.76","n/a","2000","Finance","Life Insurance","http://www.nasdaq.com/symbol/met",
"MTD","Mettler-Toledo International, Inc.","645.76","16575402551.04","n/a","1997","Capital Goods","Biotechnology: Laboratory Analytical Instruments","http://www.nasdaq.com/symbol/mtd",
"MGM","MGM Resorts International","30.81","17721670542.03","n/a","n/a","Consumer Services","Hotels/Resorts","http://www.nasdaq.com/symbol/mgm",
"MFGP","Micro Focus Intl PLC","31.58","13739769966.54","n/a","2017","Technology","Computer Software: Prepackaged Software","http://www.nasdaq.com/symbol/mfgp",
"MCHP","Microchip Technology Incorporated","91.55","21306289505.95","n/a","1993","Technology","Semiconductors","http://www.nasdaq.com/symbol/mchp",
"MU","Micron Technology, Inc.","39.67","44194991634.78","n/a","n/a","Technology","Semiconductors","http://www.nasdaq.com/symbol/mu",
"MAA","Mid-America Apartment Communities, Inc.","107.93","12261682622.69","n/a","1994","Consumer Services","Real Estate Investment Trusts","http://www.nasdaq.com/symbol/maa",
"MTU","Mitsubishi UFJ Financial Group Inc","6.47","91672484215.4","n/a","n/a","Finance","Commercial Banks","http://www.nasdaq.com/symbol/mtu",
"MFG","Mizuho Financial Group, Inc.","3.54","44899134037.38","n/a","n/a","Finance","Major Banks","http://www.nasdaq.com/symbol/mfg",
"MBT","Mobile TeleSystems OJSC","10.41","10174933205.76","n/a","n/a","Public Utilities","Telecommunications Equipment","http://www.nasdaq.com/symbol/mbt",
"MHK","Mohawk Industries, Inc.","256.77","19087813708.29","n/a","n/a","Consumer Durables","Home Furnishings","http://www.nasdaq.com/symbol/mhk",
"TAP","Molson Coors Brewing  Company","83.18","13539535081.5","n/a","n/a","Consumer Non-Durables","Beverages (Production/Distribution)","http://www.nasdaq.com/symbol/tap",
"MDLZ","Mondelez International, Inc.","41.13","62009230362.03","n/a","n/a","Consumer Non-Durables","Packaged Foods","http://www.nasdaq.com/symbol/mdlz",
"MON","Monsanto Company","119.73","52600146741.09","n/a","n/a","Basic Industries","Agricultural Chemicals","http://www.nasdaq.com/symbol/mon",
"MNST","Monster Beverage Corporation","55.37","31459523177.74","n/a","n/a","Consumer Non-Durables","Beverages (Production/Distribution)","http://www.nasdaq.com/symbol/mnst",
"MCO","Moody&#39;s Corporation","142.49","27215590000","n/a","n/a","Finance","Finance: Consumer Services","http://www.nasdaq.com/symbol/mco",
"MS","Morgan Stanley","49.76","91388255184.16","n/a","n/a","Finance","Investment Bankers/Brokers/Service","http://www.nasdaq.com/symbol/ms",
"MSI","Motorola Solutions, Inc.","89.44","14547733690.88","n/a","n/a","Technology","Radio And Television Broadcasting And Communications Equipment","http://www.nasdaq.com/symbol/msi",
"MPLX","MPLX LP","35.46","15885503314.02","n/a","2012","Energy","Natural Gas Distribution","http://www.nasdaq.com/symbol/mplx",
"MSCI","MSCI Inc","121.28","10922370680","n/a","n/a","Miscellaneous","Business Services","http://www.nasdaq.com/symbol/msci",
"MYL","Mylan N.V.","38.29","20534189458.02","n/a","n/a","Health Care","Major Pharmaceuticals","http://www.nasdaq.com/symbol/myl",
"NDAQ","Nasdaq, Inc.","73.9","12326243170.6","n/a","n/a","Finance","Investment Bankers/Brokers/Service","http://www.nasdaq.com/symbol/ndaq",
"NGG","National Grid Transco, PLC","62.26","42396647736.3","n/a","n/a","Public Utilities","Natural Gas Distribution","http://www.nasdaq.com/symbol/ngg",
"NOV","National Oilwell Varco, Inc.","35.03","13312749285.54","n/a","n/a","Energy","Metal Fabrications","http://www.nasdaq.com/symbol/nov",
"NTAP","NetApp, Inc.","44.43","11985329368.26","n/a","1995","Technology","Electronic Components","http://www.nasdaq.com/symbol/ntap",
"NTES","NetEase, Inc.","276.69","20990004438.72","75861088","n/a","Miscellaneous","Business Services","http://www.nasdaq.com/symbol/ntes",
"NFLX","Netflix, Inc.","198.02","85495084306.88","n/a","2002","Consumer Services","Consumer Electronics/Video Chains","http://www.nasdaq.com/symbol/nflx",
"EDU","New Oriental Education & Technology Group, Inc.","91.63","14448900493.72","n/a","2006","Consumer Services","Other Consumer Services","http://www.nasdaq.com/symbol/edu",
"NWL","Newell Brands Inc.","43.9","21515390000","n/a","n/a","Consumer Non-Durables","Plastic Products","http://www.nasdaq.com/symbol/nwl",
"NEM","Newmont Mining Corporation","38.06","20296313328.06","n/a","n/a","Basic Industries","Precious Metals","http://www.nasdaq.com/symbol/nem",
"NEE","NextEra Energy, Inc.","147.47","69197987972.33","n/a","n/a","Public Utilities","Electric Utilities: Central","http://www.nasdaq.com/symbol/nee",
"NLSN","Nielsen N.V.","41.15","14673160462.65","n/a","2011","Miscellaneous","Business Services","http://www.nasdaq.com/symbol/nlsn",
"NKE","Nike, Inc.","52.42","86041863467.78","n/a","n/a","Consumer Non-Durables","Shoe Manufacturing","http://www.nasdaq.com/symbol/nke",
"NBL","Noble Energy Inc.","28.31","13774090110.71","n/a","n/a","Energy","Oil & Gas Production","http://www.nasdaq.com/symbol/nbl",
"NOK","Nokia Corporation","5.91","34492343950.92","n/a","1994","Technology","Radio And Television Broadcasting And Communications Equipment","http://www.nasdaq.com/symbol/nok",
"NMR","Nomura Holdings Inc ADR","5.64","20005809652.44","n/a","n/a","Finance","Investment Bankers/Brokers/Service","http://www.nasdaq.com/symbol/nmr",
"NSC","Norfolk Souther Corporation","130.46","37596204411.92","n/a","n/a","Transportation","Railroads","http://www.nasdaq.com/symbol/nsc",
"NTRS","Northern Trust Corporation","93.27","21310885209.39","n/a","n/a","Finance","Major Banks","http://www.nasdaq.com/symbol/ntrs",
"NOC","Northrop Grumman Corporation","293.33","51067081312.33","n/a","n/a","Capital Goods","Industrial Machinery/Components","http://www.nasdaq.com/symbol/noc",
"NCLH","Norwegian Cruise Line Holdings Ltd.","58.84","13425063141.92","n/a","2013","Consumer Services","Marine Transportation","http://www.nasdaq.com/symbol/nclh",
"NVO","Novo Nordisk A/S","49.12","125256000000","n/a","n/a","Health Care","Major Pharmaceuticals","http://www.nasdaq.com/symbol/nvo",
"DCM","NTT DOCOMO, Inc","22.76","84316366731.08","n/a","n/a","Technology","Radio And Television Broadcasting And Communications Equipment","http://www.nasdaq.com/symbol/dcm",
"NUE","Nucor Corporation","56.15","17935766755.6","n/a","n/a","Basic Industries","Steel/Iron Ore","http://www.nasdaq.com/symbol/nue",
"NVDA","NVIDIA Corporation","181.3","108780000000","n/a","1999","Technology","Semiconductors","http://www.nasdaq.com/symbol/nvda",
"NVR","NVR, Inc.","2890.89","10822393621.8","n/a","n/a","Capital Goods","Homebuilding","http://www.nasdaq.com/symbol/nvr",
"NXPI","NXP Semiconductors N.V.","113.95","38528683409.75","n/a","2010","Technology","Semiconductors","http://www.nasdaq.com/symbol/nxpi",
"OXY","Occidental Petroleum Corporation","63.91","48863865734.53","n/a","n/a","Energy","Oil & Gas Production","http://www.nasdaq.com/symbol/oxy",
"OMC","Omnicom Group Inc.","75.42","17403482141.1","n/a","n/a","Technology","Advertising","http://www.nasdaq.com/symbol/omc",
"OKE","ONEOK, Inc.","56.19","21352663904.64","n/a","n/a","Public Utilities","Oil & Gas Production","http://www.nasdaq.com/symbol/oke",
"ORAN","Orange","16.38","43550070159.96","n/a","n/a","Public Utilities","Telecommunications Equipment","http://www.nasdaq.com/symbol/oran",
"ORLY","O&#39;Reilly Automotive, Inc.","212.94","18742272690.96","n/a","1993","Consumer Services","Other Specialty Stores","http://www.nasdaq.com/symbol/orly",
"IX","Orix Corp Ads","81.06","20771860155.06","n/a","n/a","Finance","Diversified Financial Services","http://www.nasdaq.com/symbol/ix",
"PCAR","PACCAR Inc.","73.28","25748868527.68","n/a","n/a","Capital Goods","Auto Manufacturing","http://www.nasdaq.com/symbol/pcar",
"PCG","Pacific Gas & Electric Co.","68.84","35302642936.72","n/a","n/a","Public Utilities","Power Generation","http://www.nasdaq.com/symbol/pcg",
"PKG","Packaging Corporation of America","116.5","10991946022","n/a","2000","Consumer Durables","Containers/Packaging","http://www.nasdaq.com/symbol/pkg",
"PANW","Palo Alto Networks, Inc.","147.37","13534809182.68","n/a","2012","Technology","Computer peripheral equipment","http://www.nasdaq.com/symbol/panw",
"PH","Parker-Hannifin Corporation","177.18","23600386630.8","n/a","n/a","Capital Goods","Metal Fabrications","http://www.nasdaq.com/symbol/ph",
"PAYX","Paychex, Inc.","63.62","22833218000","n/a","1983","Consumer Services","Diversified Commercial Services","http://www.nasdaq.com/symbol/payx",
"PYPL","PayPal Holdings, Inc.","66.05","79418323435.2","n/a","n/a","Miscellaneous","Business Services","http://www.nasdaq.com/symbol/pypl",
"PBA","Pembina Pipeline Corp.","34","17083258350","n/a","n/a","Energy","Oil & Gas Production","http://www.nasdaq.com/symbol/pba",
"PNR","Pentair plc.","70.02","12707171553.42","n/a","n/a","Technology","Industrial Machinery/Components","http://www.nasdaq.com/symbol/pnr",
"PEP","Pepsico, Inc.","110.4","157004626612.8","n/a","n/a","Consumer Non-Durables","Beverages (Production/Distribution)","http://www.nasdaq.com/symbol/pep",
"PRGO","Perrigo Company","86.82","12381494660.16","n/a","n/a","Health Care","Major Pharmaceuticals","http://www.nasdaq.com/symbol/prgo",
"PTR","PetroChina Company Limited","63.85","116858894325.3","n/a","n/a","Energy","Oil & Gas Production","http://www.nasdaq.com/symbol/ptr",
"PBR","Petroleo Brasileiro S.A.- Petrobras","10.32","67309604158.8","n/a","n/a","Energy","Oil & Gas Production","http://www.nasdaq.com/symbol/pbr",
"PM","Philip Morris International Inc","111.27","172823241110.97","n/a","n/a","Consumer Non-Durables","Farming/Seeds/Milling","http://www.nasdaq.com/symbol/pm",
"PSX","Phillips 66","92.82","47478430785.24","n/a","n/a","Energy","Integrated oil Companies","http://www.nasdaq.com/symbol/psx",
"PXD","Pioneer Natural Resources Company","150.47","25594580605.55","n/a","n/a","Energy","Oil & Gas Production","http://www.nasdaq.com/symbol/pxd",
"PAA","Plains All American Pipeline, L.P.","21.59","15646202508.65","n/a","1998","Energy","Natural Gas Distribution","http://www.nasdaq.com/symbol/paa",
"PNC","PNC Financial Services Group, Inc. (The)","135.69","65023536226.74","n/a","n/a","Finance","Major Banks","http://www.nasdaq.com/symbol/pnc",
"PKX","POSCO","69.9","22367627852.4","n/a","1994","Basic Industries","Steel/Iron Ore","http://www.nasdaq.com/symbol/pkx",
"POT","Potash Corporation of Saskatchewan Inc.","18.92","15895902842.16","n/a","1989","Basic Industries","Agricultural Chemicals","http://www.nasdaq.com/symbol/pot",
"QQQ","PowerShares QQQ Trust, Series 1","147.66","52758918000","n/a","n/a","n/a","n/a","http://www.nasdaq.com/symbol/qqq",
"PPG","PPG Industries, Inc.","113.28","29054029478.4","n/a","n/a","Basic Industries","Paints/Coatings","http://www.nasdaq.com/symbol/ppg",
"PPL","PPL Corporation","37.32","25596134089.56","n/a","n/a","Public Utilities","Electric Utilities: Central","http://www.nasdaq.com/symbol/ppl",
"PX","Praxair, Inc.","141.96","40609804293.24","n/a","n/a","Basic Industries","Major Chemicals","http://www.nasdaq.com/symbol/px",
"PFG","Principal Financial Group Inc","66.65","19259228922.1","n/a","2001","Finance","Accident &Health Insurance","http://www.nasdaq.com/symbol/pfg",
"PGR","Progressive Corporation (The)","49.28","28676032000","n/a","n/a","Finance","Property-Casualty Insurers","http://www.nasdaq.com/symbol/pgr",
"PLD","Prologis, Inc.","64.52","34315800760","n/a","n/a","Consumer Services","Real Estate Investment Trusts","http://www.nasdaq.com/symbol/pld",
"PRU","Prudential Financial, Inc.","109.65","46820550000","n/a","2001","Finance","Life Insurance","http://www.nasdaq.com/symbol/pru",
"PUK","Prudential Public Limited Company","47.69","61659674752.21","n/a","n/a","Finance","Life Insurance","http://www.nasdaq.com/symbol/puk",
"TLK","PT Telekomunikasi Indonesia, Tbk","34.25","33928809185.5","n/a","n/a","Public Utilities","Telecommunications Equipment","http://www.nasdaq.com/symbol/tlk",
"PEG","Public Service Enterprise Group Incorporated","47.6","24080361762.8","n/a","n/a","Public Utilities","Power Generation","http://www.nasdaq.com/symbol/peg",
"PSA","Public Storage","213.42","37135667758.68","n/a","n/a","Consumer Services","Real Estate Investment Trusts","http://www.nasdaq.com/symbol/psa",
"QCOM","QUALCOMM Incorporated","52.49","77478746122.04","n/a","1991","Technology","Radio And Television Broadcasting And Communications Equipment","http://www.nasdaq.com/symbol/qcom",
"DGX","Quest Diagnostics Incorporated","92.42","12606596587.26","n/a","n/a","Health Care","Medical Specialities","http://www.nasdaq.com/symbol/dgx",
"Q","Quintiles IMS Holdings, Inc.","95.7","20202804867.3","n/a","2013","Health Care","Biotechnology: Commercial Physical & Biological Resarch","http://www.nasdaq.com/symbol/q",
"RJF","Raymond James Financial, Inc.","86.27","12439065114.7","n/a","n/a","Finance","Investment Bankers/Brokers/Service","http://www.nasdaq.com/symbol/rjf",
"RTN","Raytheon Company","187.73","54488444770","n/a","n/a","Capital Goods","Industrial Machinery/Components","http://www.nasdaq.com/symbol/rtn",
"O","Realty Income Corporation","56.48","15479771193.12","n/a","n/a","Consumer Services","Real Estate Investment Trusts","http://www.nasdaq.com/symbol/o",
"RHT","Red Hat, Inc.","117.06","20773427448.42","n/a","n/a","Technology","Computer Software: Programming, Data Processing","http://www.nasdaq.com/symbol/rht",
"REG","Regency Centers Corporation","62.3","10597498949.1","n/a","1993","Consumer Services","Real Estate Investment Trusts","http://www.nasdaq.com/symbol/reg",
"REGN","Regeneron Pharmaceuticals, Inc.","469.95","50356187198.85","n/a","1991","Health Care","Major Pharmaceuticals","http://www.nasdaq.com/symbol/regn",
"RF","Regions Financial Corporation","15.21","18177169735.53","n/a","n/a","Finance","Major Banks","http://www.nasdaq.com/symbol/rf",
"RENX","RELX N.V.","21.53","43403180664.5","n/a","2015","Consumer Services","Publishing","http://www.nasdaq.com/symbol/renx",
"RELX","RELX PLC","22.55","45459439107.5","n/a","2015","Consumer Services","Publishing","http://www.nasdaq.com/symbol/relx",
"RSG","Republic Services, Inc.","63.18","21276647800.2","n/a","1998","Public Utilities","Environmental Services","http://www.nasdaq.com/symbol/rsg",
"RMD","ResMed Inc.","77.25","10992709839.75","n/a","n/a","Health Care","Medical/Dental Instruments","http://www.nasdaq.com/symbol/rmd",
"QSR","Restaurant Brands International Inc.","65.49","15496548459.48","n/a","2014","Consumer Services","Restaurants","http://www.nasdaq.com/symbol/qsr",
"RIO","Rio Tinto Plc","49.08","87868725034.68","n/a","2002","Basic Industries","Precious Metals","http://www.nasdaq.com/symbol/rio",
"ROK","Rockwell Automation, Inc.","182.31","23401163564.28","n/a","n/a","Capital Goods","Industrial Machinery/Components","http://www.nasdaq.com/symbol/rok",
"COL","Rockwell Collins, Inc.","132.62","21590361339.46","n/a","n/a","Capital Goods","Military/Government/Technical","http://www.nasdaq.com/symbol/col",
"RCI","Rogers Communication, Inc.","51.83","20856569932.39","n/a","n/a","Consumer Services","Television Services","http://www.nasdaq.com/symbol/rci",
"ROL","Rollins, Inc.","46.87","10217244825.54","n/a","n/a","Finance","Diversified Commercial Services","http://www.nasdaq.com/symbol/rol",
"ROP","Roper Technologies, Inc.","251.99","25758332879.37","n/a","1992","Capital Goods","Industrial Machinery/Components","http://www.nasdaq.com/symbol/rop",
"ROST","Ross Stores, Inc.","65.99","25445221491.18","n/a","1985","Consumer Services","Clothing/Shoe/Accessory Stores","http://www.nasdaq.com/symbol/rost",
"RY","Royal Bank Of Canada","78.25","114087931670.25","n/a","n/a","Finance","Commercial Banks","http://www.nasdaq.com/symbol/ry",
"RBS","Royal Bank Scotland plc (The)","7.2","42859718856","n/a","n/a","Finance","Commercial Banks","http://www.nasdaq.com/symbol/rbs",
"RCL","Royal Caribbean Cruises Ltd.","123.39","26542544809.32","n/a","1993","Consumer Services","Marine Transportation","http://www.nasdaq.com/symbol/rcl",
"RYAAY","Ryanair Holdings plc","105.73","10660309402.21","100825777","1997","Transportation","Air Freight/Delivery Services","http://www.nasdaq.com/symbol/ryaay",
"SPGI","S&P Global Inc.","158.45","40721650000","n/a","n/a","Finance","Finance: Consumer Services","http://www.nasdaq.com/symbol/spgi",
"CRM","Salesforce.com Inc","96.32","69225184000","n/a","2004","Technology","Computer Software: Prepackaged Software","http://www.nasdaq.com/symbol/crm",
"SNY","Sanofi","50.57","126619537935.28","n/a","n/a","Health Care","Major Pharmaceuticals","http://www.nasdaq.com/symbol/sny",
"SAP","SAP SE","110.97","133011287746.74","n/a","n/a","Technology","Computer Software: Prepackaged Software","http://www.nasdaq.com/symbol/sap",
"SSL","Sasol Ltd.","27.86","18228111473.88","n/a","n/a","Energy","Oil & Gas Production","http://www.nasdaq.com/symbol/ssl",
"SBAC","SBA Communications Corporation","147.32","17731099457.72","n/a","1999","Consumer Services","Real Estate Investment Trusts","http://www.nasdaq.com/symbol/sbac",
"SLB","Schlumberger N.V.","68.34","94618381777.8","n/a","n/a","Energy","Oilfield Services/Equipment","http://www.nasdaq.com/symbol/slb",
"SNI","Scripps Networks Interactive, Inc","86.02","11166491636.74","n/a","n/a","Consumer Services","Television Services","http://www.nasdaq.com/symbol/sni",
"SRE","Sempra Energy","111.95","28108140230.7","n/a","n/a","Public Utilities","Natural Gas Distribution","http://www.nasdaq.com/symbol/sre",
"NOW","ServiceNow, Inc.","121.75","20782725000","n/a","2012","Technology","Computer Software: Prepackaged Software","http://www.nasdaq.com/symbol/now",
"SJR","Shaw Communications Inc.","22.83","10829430156.63","n/a","n/a","Consumer Services","Television Services","http://www.nasdaq.com/symbol/sjr",
"SHW","Sherwin-Williams Company (The)","383.47","35819997506.43","n/a","n/a","Consumer Services","RETAIL: Building Materials","http://www.nasdaq.com/symbol/shw",
"SHG","Shinhan Financial Group Co Ltd","45.05","21362691394.35","n/a","n/a","Finance","Major Banks","http://www.nasdaq.com/symbol/shg",
"SHPG","Shire plc","151.09","11012663180.09","72888101","n/a","Health Care","Major Pharmaceuticals","http://www.nasdaq.com/symbol/shpg",
"SPG","Simon Property Group, Inc.","160.24","49809446746.72","n/a","n/a","Consumer Services","Real Estate Investment Trusts","http://www.nasdaq.com/symbol/spg",
"SIRI","Sirius XM Holdings Inc.","5.73","26432579708.88","n/a","n/a","Consumer Services","Broadcasting","http://www.nasdaq.com/symbol/siri",
"SKM","SK Telecom Co., Ltd.","24.64","15673961269.12","n/a","n/a","Public Utilities","Telecommunications Equipment","http://www.nasdaq.com/symbol/skm",
"SWKS","Skyworks Solutions, Inc.","104.96","19285364674.56","n/a","n/a","Technology","Semiconductors","http://www.nasdaq.com/symbol/swks",
"SLG","SL Green Realty Corporation","105.01","10392679139.71","n/a","1997","Consumer Services","Real Estate Investment Trusts","http://www.nasdaq.com/symbol/slg",
"SNN","Smith & Nephew SNATS, Inc.","36.61","16542653249.22","n/a","n/a","Health Care","Industrial Specialties","http://www.nasdaq.com/symbol/snn",
"AOS","Smith (A.O.) Corporation","61","10524874913","n/a","n/a","Consumer Durables","Consumer Electronics/Appliances","http://www.nasdaq.com/symbol/aos",
"SNAP","Snap Inc.","14.79","17705915365.59","n/a","2017","Technology","Computer Software: Programming, Data Processing","http://www.nasdaq.com/symbol/snap",
"SQM","Sociedad Quimica y Minera S.A.","58.94","15512803124.56","n/a","1993","Basic Industries","Mining & Quarrying of Nonmetallic Minerals (No Fuels)","http://www.nasdaq.com/symbol/sqm",
"SNE","Sony Corp Ord","37.08","46843444324.8","n/a","n/a","Consumer Non-Durables","Consumer Electronics/Appliances","http://www.nasdaq.com/symbol/sne",
"SO","Southern Company (The)","49.59","49563917048.52","n/a","n/a","Public Utilities","Electric Utilities: Central","http://www.nasdaq.com/symbol/so",
"SCCO","Southern Copper Corporation","41.64","32188855481.16","n/a","n/a","Basic Industries","Precious Metals","http://www.nasdaq.com/symbol/scco",
"LUV","Southwest Airlines Company","58.44","34980161917.56","n/a","n/a","Transportation","Air Freight/Delivery Services","http://www.nasdaq.com/symbol/luv",
"SEP","Spectra Energy Partners, LP","45.49","14117298774.41","n/a","2007","Public Utilities","Natural Gas Distribution","http://www.nasdaq.com/symbol/sep",
"S","Sprint Corporation","7.36","29417061824","n/a","2013","Public Utilities","Telecommunications Equipment","http://www.nasdaq.com/symbol/s",
"SQ","Square, Inc.","30.76","11802561338.28","n/a","2015","Technology","Computer Software: Prepackaged Software","http://www.nasdaq.com/symbol/sq",
"SWK","Stanley Black & Decker, Inc.","155.49","23813683624.41","n/a","n/a","Capital Goods","Industrial Machinery/Components","http://www.nasdaq.com/symbol/swk",
"SBUX","Starbucks Corporation","55.17","79659963000","n/a","1992","Consumer Services","Restaurants","http://www.nasdaq.com/symbol/sbux",
"STT","State Street Corporation","98.8","36946795002","n/a","n/a","Finance","Major Banks","http://www.nasdaq.com/symbol/stt",
"STO","Statoil ASA","19.88","65495046208.76","n/a","n/a","Energy","Integrated oil Companies","http://www.nasdaq.com/symbol/sto",
"STM","STMicroelectronics N.V.","19.73","17516495186.81","n/a","n/a","Technology","Semiconductors","http://www.nasdaq.com/symbol/stm",
"SYK","Stryker Corporation","149","55735430806","n/a","n/a","Health Care","Medical/Dental Instruments","http://www.nasdaq.com/symbol/syk",
"SMFG","Sumitomo Mitsui Financial Group Inc","7.73","54501294648.45","n/a","n/a","Finance","Commercial Banks","http://www.nasdaq.com/symbol/smfg",
"SLF","Sun Life Financial Inc.","39.8","24392242517","n/a","n/a","Finance","Life Insurance","http://www.nasdaq.com/symbol/slf",
"SU","Suncor Energy  Inc.","34.67","57488493944.34","n/a","n/a","Energy","Integrated oil Companies","http://www.nasdaq.com/symbol/su",
"STI","SunTrust Banks, Inc.","60.77","29165702819.9","n/a","n/a","Finance","Major Banks","http://www.nasdaq.com/symbol/sti",
"SYMC","Symantec Corporation","33.92","20845194391.68","n/a","1989","Technology","Computer Software: Prepackaged Software","http://www.nasdaq.com/symbol/symc",
"SYF","Synchrony Financial","31.31","24901946113.92","n/a","2014","Finance","Finance: Consumer Services","http://www.nasdaq.com/symbol/syf",
"SYT","Syngenta AG","92.13","42481369179.15","n/a","n/a","Basic Industries","Agricultural Chemicals","http://www.nasdaq.com/symbol/syt",
"SNPS","Synopsys, Inc.","82.48","12392427244.24","n/a","1992","Technology","Computer Software: Prepackaged Software","http://www.nasdaq.com/symbol/snps",
"SYY","Sysco Corporation","54.23","28627028170.18","n/a","n/a","Consumer Non-Durables","Food Distributors","http://www.nasdaq.com/symbol/syy",
"TROW","T. Rowe Price Group, Inc.","91.72","22045632182.92","n/a","1986","Finance","Investment Bankers/Brokers/Service","http://www.nasdaq.com/symbol/trow",
"TSM","Taiwan Semiconductor Manufacturing Company Ltd.","38.46","199456482960","n/a","1997","Technology","Semiconductors","http://www.nasdaq.com/symbol/tsm",
"TTWO","Take-Two Interactive Software, Inc.","107.23","11422977495.22","n/a","1997","Technology","Computer Software: Prepackaged Software","http://www.nasdaq.com/symbol/ttwo",
"TAL","TAL Education Group","33.95","16763113093.3","n/a","n/a","Consumer Services","Other Consumer Services","http://www.nasdaq.com/symbol/tal",
"TRGP","Targa Resources, Inc.","48.08","10366291380.96","n/a","2010","Public Utilities","Natural Gas Distribution","http://www.nasdaq.com/symbol/trgp",
"TGT","Target Corporation","57.12","31200760301.76","n/a","n/a","Consumer Services","Department/Specialty Retail Stores","http://www.nasdaq.com/symbol/tgt",
"TTM","Tata Motors Ltd","32.24","21896445410.32","n/a","n/a","Capital Goods","Auto Manufacturing","http://www.nasdaq.com/symbol/ttm",
"AMTD","TD Ameritrade Holding Corporation","48.32","27309116355.2","n/a","1997","Finance","Investment Bankers/Brokers/Service","http://www.nasdaq.com/symbol/amtd",
"TEL","TE Connectivity Ltd.","86.23","30472310770.54","n/a","n/a","Consumer Non-Durables","Electronic Components","http://www.nasdaq.com/symbol/tel",
"FTI","TechnipFMC plc","27.42","12811219260.78","n/a","n/a","Energy","Metal Fabrications","http://www.nasdaq.com/symbol/fti",
"TECK","Teck Resources Ltd","22.97","13104522567.33","n/a","n/a","Basic Industries","Mining & Quarrying of Nonmetallic Minerals (No Fuels)","http://www.nasdaq.com/symbol/teck",
"TI","Telecom Italia S.P.A.","8.93","18812973781.77","n/a","n/a","Consumer Services","Telecommunications Equipment","http://www.nasdaq.com/symbol/ti",
"TFX","Teleflex Incorporated","246.05","11081456698.9","n/a","n/a","Health Care","Medical/Dental Instruments","http://www.nasdaq.com/symbol/tfx",
"VIV","Telefonica Brasil S.A.","16.09","27171093056.9","n/a","n/a","Public Utilities","Telecommunications Equipment","http://www.nasdaq.com/symbol/viv",
"TEF","Telefonica SA","10.51","52947330444.9","n/a","1988","Public Utilities","Telecommunications Equipment","http://www.nasdaq.com/symbol/tef",
"TU","TELUS Corporation","35.8","21265294655.2","n/a","n/a","Public Utilities","Telecommunications Equipment","http://www.nasdaq.com/symbol/tu",
"TS","Tenaris S.A.","27.9","16468491150","n/a","n/a","Basic Industries","Steel/Iron Ore","http://www.nasdaq.com/symbol/ts",
"TSLA","Tesla, Inc. ","356.88","59558640768.24","n/a","2010","Capital Goods","Auto Manufacturing","http://www.nasdaq.com/symbol/tsla",
"TEVA","Teva Pharmaceutical Industries Limited","15.94","16195040000","n/a","n/a","Health Care","Major Pharmaceuticals","http://www.nasdaq.com/symbol/teva",
"TXN","Texas Instruments Incorporated","91.35","90440028759.15","n/a","n/a","Technology","Semiconductors","http://www.nasdaq.com/symbol/txn",
"TXT","Textron Inc.","55.49","14688964655.74","n/a","n/a","Capital Goods","Aerospace","http://www.nasdaq.com/symbol/txt",
"BX","The Blackstone Group L.P.","33.44","39899738192.16","n/a","2007","Finance","Investment Managers","http://www.nasdaq.com/symbol/bx",
"SCHW","The Charles Schwab Corporation","45.34","60715677041.84","n/a","n/a","Finance","Investment Bankers/Brokers/Service","http://www.nasdaq.com/symbol/schw",
"KHC","The Kraft Heinz Company","78.18","95242872717.96","n/a","n/a","Consumer Non-Durables","Packaged Foods","http://www.nasdaq.com/symbol/khc",
"PCLN","The Priceline Group Inc. ","1918","94095198442","n/a","1999","Miscellaneous","Business Services","http://www.nasdaq.com/symbol/pcln",
"TRV","The Travelers Companies, Inc.","125.07","34512695792.52","n/a","n/a","Finance","Property-Casualty Insurers","http://www.nasdaq.com/symbol/trv",
"TMO","Thermo Fisher Scientific Inc","193.21","77324037362.62","n/a","n/a","Capital Goods","Industrial Machinery/Components","http://www.nasdaq.com/symbol/tmo",
"TRI","Thomson Reuters Corp","45.98","32843807950.14","n/a","n/a","Consumer Services","Publishing","http://www.nasdaq.com/symbol/tri",
"TIF","Tiffany & Co.","94.61","11780099998.88","n/a","1987","Consumer Services","Consumer Specialties","http://www.nasdaq.com/symbol/tif",
"TIG","TiGenix","24.64","31459686.72","1276773","2016","Health Care","Major Pharmaceuticals","http://www.nasdaq.com/symbol/tig",
"TWX","Time Warner Inc.","103.3","80346883793.6","n/a","n/a","Consumer Services","Television Services","http://www.nasdaq.com/symbol/twx",
"TJX","TJX Companies, Inc. (The)","73.6","46829784137.6","n/a","n/a","Consumer Services","Clothing/Shoe/Accessory Stores","http://www.nasdaq.com/symbol/tjx",
"TMUS","T-Mobile US, Inc.","62.41","51865741440.93","n/a","n/a","Public Utilities","Telecommunications Equipment","http://www.nasdaq.com/symbol/tmus",
"TD","Toronto Dominion Bank (The)","56.16","103834029124.8","n/a","n/a","Finance","Commercial Banks","http://www.nasdaq.com/symbol/td",
"TOT","Total S.A.","53.44","133141121087.36","n/a","n/a","Energy","Oil & Gas Production","http://www.nasdaq.com/symbol/tot",
"TSS","Total System Services, Inc.","66.86","12318156156.72","n/a","n/a","Miscellaneous","Business Services","http://www.nasdaq.com/symbol/tss",
"TM","Toyota Motor Corp Ltd Ord","121.87","181274631490.05","n/a","n/a","Capital Goods","Auto Manufacturing","http://www.nasdaq.com/symbol/tm",
"TRP","TransCanada Corporation","49.24","43051056750.68","n/a","n/a","Public Utilities","Natural Gas Distribution","http://www.nasdaq.com/symbol/trp",
"TDG","Transdigm Group Incorporated","264.97","13754734193.98","n/a","2006","Capital Goods","Military/Government/Technical","http://www.nasdaq.com/symbol/tdg",
"TRMB","Trimble Inc.","40.62","10282968476.22","n/a","1990","Capital Goods","Industrial Machinery/Components","http://www.nasdaq.com/symbol/trmb",
"FOX","Twenty-First Century Fox, Inc.","26.47","48997503036.52","n/a","n/a","Consumer Services","Television Services","http://www.nasdaq.com/symbol/fox",
"FOXA","Twenty-First Century Fox, Inc.","26.99","32953169493.41","n/a","n/a","Consumer Services","Television Services","http://www.nasdaq.com/symbol/foxa",
"TWTR","Twitter, Inc.","17.85","13171394066.25","n/a","2013","Technology","Computer Software: Programming, Data Processing","http://www.nasdaq.com/symbol/twtr",
"TSN","Tyson Foods, Inc.","70.66","25386583409.34","n/a","n/a","Consumer Non-Durables","Meat/Poultry/Fish","http://www.nasdaq.com/symbol/tsn",
"USB","U.S. Bancorp","54.18","90630685047.42","n/a","n/a","Finance","Major Banks","http://www.nasdaq.com/symbol/usb",
"UBS","UBS AG","17.11","63591404267.88","n/a","2014","Finance","Major Banks","http://www.nasdaq.com/symbol/ubs",
"ULTA","Ulta Beauty, Inc.","219.91","13509206104.83","n/a","2007","Consumer Services","Other Specialty Stores","http://www.nasdaq.com/symbol/ulta",
"UGP","Ultrapar Participacoes S.A.","24.44","13598540546.24","n/a","n/a","Public Utilities","Oil/Gas Transmission","http://www.nasdaq.com/symbol/ugp",
"UN","Unilever NV","58.52","168732087240.64","n/a","n/a","Basic Industries","Package Goods/Cosmetics","http://www.nasdaq.com/symbol/un",
"UL","Unilever PLC","56.99","164320602389.68","n/a","n/a","Basic Industries","Package Goods/Cosmetics","http://www.nasdaq.com/symbol/ul",
"UNP","Union Pacific Corporation","113.95","91203859582.9","n/a","n/a","Transportation","Railroads","http://www.nasdaq.com/symbol/unp",
"UAL","United Continental Holdings, Inc.","65.25","19850706762.75","n/a","n/a","Transportation","Air Freight/Delivery Services","http://www.nasdaq.com/symbol/ual",
"UDR","United Dominion Realty Trust, Inc.","38.16","10210593846.24","n/a","n/a","Consumer Services","Real Estate Investment Trusts","http://www.nasdaq.com/symbol/udr",
"UPS","United Parcel Service, Inc.","117.7","101924459494","n/a","1999","Transportation","Trucking Freight/Courier Services","http://www.nasdaq.com/symbol/ups",
"URI","United Rentals, Inc.","142.24","12024979556.8","n/a","1997","Technology","Diversified Commercial Services","http://www.nasdaq.com/symbol/uri",
"UTX","United Technologies Corporation","118.23","94412868104.73","n/a","n/a","Capital Goods","Aerospace","http://www.nasdaq.com/symbol/utx",
"UNH","UnitedHealth Group Incorporated","198.06","191496276943.56","n/a","n/a","Health Care","Medical Specialities","http://www.nasdaq.com/symbol/unh",
"UHS","Universal Health Services, Inc.","110.14","10535693590.18","n/a","n/a","Health Care","Hospital/Nursing Management","http://www.nasdaq.com/symbol/uhs",
"UNM","Unum Group","52.54","11857363015.9","n/a","n/a","Finance","Accident &Health Insurance","http://www.nasdaq.com/symbol/unm",
"VFC","V.F. Corporation","65.65","25841241561.85","n/a","n/a","Consumer Non-Durables","Apparel","http://www.nasdaq.com/symbol/vfc",
"VALE","VALE S.A.","10.13","52203688000.38","n/a","n/a","Basic Industries","Precious Metals","http://www.nasdaq.com/symbol/vale",
"VLO","Valero Energy Corporation","77.23","34109708248.64","n/a","n/a","Energy","Integrated oil Companies","http://www.nasdaq.com/symbol/vlo",
"VCIT","Vanguard Intermediate-Term Corporate Bond ETF","87.78","17443580066.22","n/a","n/a","n/a","n/a","http://www.nasdaq.com/symbol/vcit",
"VCSH","Vanguard Short-Term Corporate Bond ETF","79.99","21303939234.68","n/a","n/a","n/a","n/a","http://www.nasdaq.com/symbol/vcsh",
"VNTV","Vantiv, Inc.","70.82","13989576855.44","n/a","2012","Miscellaneous","Business Services","http://www.nasdaq.com/symbol/vntv",
"VEDL","Vedanta  Limited","20.05","18632436107.95","n/a","2013","Capital Goods","Metal Fabrications","http://www.nasdaq.com/symbol/vedl",
"VTR","Ventas, Inc.","63.34","22558551957.82","n/a","n/a","Consumer Services","Real Estate Investment Trusts","http://www.nasdaq.com/symbol/vtr",
"VRSN","VeriSign, Inc.","109.92","10983281805.12","n/a","1998","Technology","EDP Services","http://www.nasdaq.com/symbol/vrsn",
"VRSK","Verisk Analytics, Inc.","83.5","13740410803","n/a","2009","Technology","EDP Services","http://www.nasdaq.com/symbol/vrsk",
"VZ","Verizon Communications Inc.","48.81","199115902332.36","n/a","n/a","Public Utilities","Telecommunications Equipment","http://www.nasdaq.com/symbol/vz",
"VRTX","Vertex Pharmaceuticals Incorporated","155.1","39103636581.9","n/a","1991","Health Care","Major Pharmaceuticals","http://www.nasdaq.com/symbol/vrtx",
"VIA","Viacom Inc.","35.4","14236096866.6","n/a","n/a","Consumer Services","Television Services","http://www.nasdaq.com/symbol/via",
"VMW","Vmware, Inc.","111.53","45609889915.34","n/a","2007","Technology","Computer Software: Prepackaged Software","http://www.nasdaq.com/symbol/vmw",
"VOD","Vodafone Group Plc","28.07","13043323475.21","464671303","n/a","Public Utilities","Telecommunications Equipment","http://www.nasdaq.com/symbol/vod",
"VNO","Vornado Realty Trust","78.09","14795323646.07","n/a","n/a","Consumer Services","Real Estate Investment Trusts","http://www.nasdaq.com/symbol/vno",
"VMC","Vulcan Materials Company","120.25","15906068148.75","n/a","n/a","Basic Industries","Mining & Quarrying of Nonmetallic Minerals (No Fuels)","http://www.nasdaq.com/symbol/vmc",
"GWW","W.W. Grainger, Inc.","180.07","10388359487.11","n/a","n/a","Consumer Services","Office Equipment/Supplies/Services","http://www.nasdaq.com/symbol/gww",
"WBA","Walgreens Boots Alliance, Inc.","73.2","78331062775.2","n/a","n/a","Health Care","Medical/Nursing Services","http://www.nasdaq.com/symbol/wba",
"DIS","Walt Disney Company (The)","100.07","154456139767.27","n/a","n/a","Consumer Services","Television Services","http://www.nasdaq.com/symbol/dis",
"WCN","Waste Connections, Inc.","68.9","18164621476.3","n/a","n/a","Public Utilities","Environmental Services","http://www.nasdaq.com/symbol/wcn",
"WM","Waste Management, Inc.","76.28","33565931586.8","n/a","n/a","Public Utilities","Environmental Services","http://www.nasdaq.com/symbol/wm",
"WAT","Waters Corporation","185.88","14837605191.6","n/a","1995","Capital Goods","Biotechnology: Laboratory Analytical Instruments","http://www.nasdaq.com/symbol/wat",
"WEC","WEC Energy Group, Inc.","64.3","20291573515.3","n/a","n/a","Public Utilities","Power Generation","http://www.nasdaq.com/symbol/wec",
"WB","Weibo Corporation","100.4","5717785421.6","56950054","2014","Technology","Computer Software: Programming, Data Processing","http://www.nasdaq.com/symbol/wb",
"HCN","Welltower Inc.","68.35","25212858119.75","n/a","n/a","Consumer Services","Real Estate Investment Trusts","http://www.nasdaq.com/symbol/hcn",
"WDC","Western Digital Corporation","83.85","24750684858.9","n/a","n/a","Technology","Electronic Components","http://www.nasdaq.com/symbol/wdc",
"WLK","Westlake Chemical Corporation","84.53","10909051355.93","n/a","2004","Basic Industries","Major Chemicals","http://www.nasdaq.com/symbol/wlk",
"WBK","Westpac Banking Corporation","25.03","83608073511.89","n/a","n/a","Finance","Commercial Banks","http://www.nasdaq.com/symbol/wbk",
"WRK","Westrock Company","58.17","14775210655.59","n/a","2015","Consumer Durables","Containers/Packaging","http://www.nasdaq.com/symbol/wrk",
"WY","Weyerhaeuser Company","34.2","25750569990.6","n/a","n/a","Consumer Services","Real Estate Investment Trusts","http://www.nasdaq.com/symbol/wy",
"WHR","Whirlpool Corporation","181.33","13233364212.49","n/a","n/a","Consumer Durables","Consumer Electronics/Appliances","http://www.nasdaq.com/symbol/whr",
"WMB","Williams Companies, Inc. (The)","30.11","24890457816.14","n/a","n/a","Public Utilities","Natural Gas Distribution","http://www.nasdaq.com/symbol/wmb",
"WPZ","Williams Partners LP","39.54","38477495512.56","n/a","n/a","Public Utilities","Natural Gas Distribution","http://www.nasdaq.com/symbol/wpz",
"WLTW","Willis Towers Watson Public Limited Company","155.02","20817456906.92","n/a","n/a","Finance","Specialty Insurers","http://www.nasdaq.com/symbol/wltw",
"WIT","Wipro Limited","5.49","26565513917.76","n/a","n/a","Technology","EDP Services","http://www.nasdaq.com/symbol/wit",
"WF","Woori Bank","47.19","10590556384.98","n/a","2014","Finance","Commercial Banks","http://www.nasdaq.com/symbol/wf",
"WDAY","Workday, Inc.","110.23","22927840000","n/a","n/a","Technology","EDP Services","http://www.nasdaq.com/symbol/wday",
"WPPGY","WPP plc","91.65","1242634600.35","13558479","n/a","Technology","Advertising","http://www.nasdaq.com/symbol/wppgy",
"WYN","Wyndham Worldwide Corp","107.05","11003216357.35","n/a","n/a","Consumer Services","Hotels/Resorts","http://www.nasdaq.com/symbol/wyn",
"WYNN","Wynn Resorts, Limited","143.94","14763356229.42","n/a","2002","Consumer Services","Hotels/Resorts","http://www.nasdaq.com/symbol/wynn",
"XEL","Xcel Energy Inc.","47.39","24062882930.59","n/a","n/a","Public Utilities","Power Generation","http://www.nasdaq.com/symbol/xel",
"XLNX","Xilinx, Inc.","72.01","17901795095.15","n/a","1990","Technology","Semiconductors","http://www.nasdaq.com/symbol/xlnx",
"XL","XL Group Ltd.","39.57","10206846256.35","n/a","n/a","Finance","Property-Casualty Insurers","http://www.nasdaq.com/symbol/xl",
"XYL","Xylem Inc.","64.56","11592940681.44","n/a","2011","Capital Goods","Fluid Controls","http://www.nasdaq.com/symbol/xyl",
"YNDX","Yandex N.V.","32.51","10566436188.57","n/a","2011","Technology","Computer Software: Programming, Data Processing","http://www.nasdaq.com/symbol/yndx",
"YUMC","Yum China Holdings, Inc.","40.82","15647783806.46","n/a","2016","Consumer Services","Restaurants","http://www.nasdaq.com/symbol/yumc",
"YUM","Yum! Brands, Inc.","75.93","26178635378.19","n/a","n/a","Consumer Services","Restaurants","http://www.nasdaq.com/symbol/yum",
"ZBH","Zimmer Biomet Holdings, Inc.","119.27","24115907378.4","n/a","n/a","Health Care","Industrial Specialties","http://www.nasdaq.com/symbol/zbh",
"ZTS","Zoetis Inc.","63.75","31180869026.25","n/a","2013","Health Care","Major Pharmaceuticals","http://www.nasdaq.com/symbol/zts",
